最新价,涨跌幅,涨跌额,成交量,成交额,振幅,换手率,市盈率,量比,五分钟涨跌,代码,名称,最高价,最低价,今开,昨收,总市值,流通市值,涨速,市净率,60日涨跌幅,年初至今涨跌幅,上市时间
9.91,-0.7,-0.07,440901,440752944.0,1.8,0.15,4.88,0.81,0.0,600000,浦发银行,10.09,9.91,9.98,9.98,290879649199,290879649199,-0.1,0.57,-1.39,-15.8,19991110
14.46,-1.3,-0.19,106533,154958262.0,2.87,0.51,-85.73,0.93,0.28,600004,白云机场,14.78,14.36,14.78,14.65,34222746372,29922374632,0.14,1.78,-6.23,-16.46,20030428
12.73,-0.93,-0.12,12162,15598270.0,1.56,0.12,15.7,0.93,-0.31,600007,中国国贸,12.92,12.72,12.85,12.85,12822706658,12822706658,0.08,1.64,-6.88,-25.64,19990312
2.95,-1.67,-0.05,319049,95094328.0,2.0,0.43,17.5,1.01,-0.34,600008,首创股份,3.01,2.95,2.99,3.0,21654742497,21654742497,0.0,1.4,-5.14,-1.67,20000427
76.39,-3.17,-2.5,128014,988069216.0,3.56,1.17,-149.71,1.49,0.1,600009,上海机场,79.0,76.19,78.5,78.89,147200355843,83530661967,0.16,4.95,-0.59,-2.01,19980218
1.17,-0.85,-0.01,2365726,278046720.0,1.69,0.75,239.27,1.02,0.0,600010,包钢股份,1.19,1.17,1.17,1.18,53334488198,37062337557,-0.85,1.01,-1.68,-11.36,20010309
4.74,-2.27,-0.11,251916,120674373.0,2.47,0.23,6.11,0.85,-0.42,600011,华能国际,4.86,4.74,4.85,4.85,74408962522,52129145016,-0.21,0.94,-16.25,-13.03,20011206
6.42,-0.31,-0.02,96129,62539410.0,3.42,0.82,16.59,1.28,0.16,600012,皖通高速,6.62,6.4,6.48,6.44,10648276200,7483152000,-0.31,0.98,19.11,13.63,20030107
6.37,-0.93,-0.06,248973,160013241.0,1.87,0.19,5.21,0.58,0.0,600015,华夏银行,6.48,6.36,6.45,6.43,98016616772,81680513980,0.0,0.46,1.27,-14.15,20030912
5.36,0.75,0.04,1319178,709653664.0,1.13,0.37,4.71,1.32,0.0,600016,民生银行,5.4,5.34,5.35,5.32,234673763171,190076980422,0.0,0.51,-2.72,-9.76,20001219
4.49,-1.1,-0.05,302700,137898025.0,3.3,0.13,12.99,1.06,0.0,600018,上港集团,4.63,4.48,4.57,4.54,104049799179,104049799179,-0.22,1.22,2.75,-20.25,20061026
5.92,-0.84,-0.05,714086,427445728.0,2.85,0.32,12.58,0.55,0.0,600019,宝钢股份,6.07,5.9,5.99,5.97,131835130088,131163417140,-0.17,0.73,17.23,8.42,20001212
3.43,-1.72,-0.06,78226,27030783.0,2.29,0.35,46.23,1.4,0.29,600020,中原高速,3.5,3.42,3.49,3.49,7708485384,7708485384,0.0,0.75,-5.25,-20.97,20030808
7.22,-1.23,-0.09,41938,30522237.0,1.64,0.18,11.74,0.99,-0.14,600021,上海电力,7.34,7.22,7.3,7.31,18895925502,16947118322,-0.28,1.13,-4.5,-8.84,20031029
4.43,-0.45,-0.02,276827,123945856.0,2.7,0.31,13.76,0.89,-0.67,600025,华能水电,4.54,4.42,4.47,4.45,79740000000,39551040000,-0.45,1.65,5.73,8.85,20171215
6.53,-2.54,-0.17,200867,132688277.0,3.13,0.73,7.02,0.65,0.0,600026,中远海能,6.72,6.51,6.69,6.7,31100378009,17866294582,0.0,0.86,-10.67,3.0,20020523
3.42,-0.87,-0.03,279775,95822815.0,1.74,0.34,6.97,0.91,0.59,600027,华电国际,3.46,3.4,3.45,3.45,33731380153,27858441241,0.29,0.71,-11.4,-2.84,20050203
4.07,-0.73,-0.03,783962,320683824.0,1.22,0.08,15.72,0.74,0.0,600028,中国石化,4.12,4.07,4.09,4.1,492759823259,388920128157,-0.25,0.68,4.36,-16.08,20010808
6.15,-0.16,-0.01,317360,196283608.0,1.79,0.39,-9.47,0.64,-0.16,600029,南方航空,6.25,6.14,6.19,6.16,94275209729,49885850651,0.0,1.31,-1.91,-14.35,20030725
29.29,-2.4,-0.72,1099338,3279290976.0,3.3,1.12,22.43,1.02,-0.31,600030,中信证券,30.28,29.29,30.1,30.01,378625269889,287471441193,-0.1,2.11,-4.44,18.1,20030106
30.81,-2.13,-0.67,622512,1932582688.0,2.57,0.73,15.73,0.98,0.0,600031,三一重工,31.59,30.78,31.5,31.48,261136786514,261136786514,-0.06,4.89,31.78,85.27,20030703
44.24,-0.05,-0.02,375195,1672113664.0,1.6,0.18,10.92,0.7,0.02,600036,招商银行,44.93,44.22,44.37,44.26,1115725969388,912624501539,0.0,1.8,17.69,21.61,20020409
52.27,-2.79,-1.5,59171,314233664.0,3.24,1.0,47.11,0.9,-0.27,600038,中直股份,54.01,52.27,53.72,53.77,30811947945,30811947945,-0.06,3.62,-3.2,10.25,20001218
4.63,-1.7,-0.08,206292,96419976.0,2.55,0.57,9.63,1.03,0.22,600039,四川路桥,4.74,4.62,4.74,4.71,22083249338,16716733111,0.0,1.03,3.35,40.73,20030325
16.29,-1.03,-0.17,595087,973363728.0,1.88,0.5,11.07,0.98,0.06,600048,保利地产,16.54,16.23,16.5,16.46,194952459606,194952459606,0.0,1.34,-1.93,6.05,20060731
4.75,-0.84,-0.04,657887,313584368.0,1.25,0.22,23.1,0.77,0.0,600050,中国联通,4.8,4.74,4.78,4.79,147324078563,145052009163,0.21,1.0,-7.23,-18.52,20021009
21.85,-6.66,-1.56,41284,93273825.0,7.13,0.95,54.57,2.27,0.05,600053,九鼎投资,23.37,21.7,23.25,23.41,9472866480,9472866480,0.28,3.45,-15.6,-14.08,19970418
14.93,-0.99,-0.15,117479,175832703.0,2.32,1.1,9.66,1.03,0.07,600056,中国医药,15.16,14.81,15.15,15.08,15952489023,15946855396,0.13,1.61,-2.55,16.91,19970515
6.05,-3.2,-0.2,220650,134735256.0,3.2,1.02,10.5,1.19,-0.17,600057,厦门象屿,6.25,6.05,6.22,6.25,13052597214,13052597214,-0.17,1.21,-11.29,55.13,19970604
14.12,-4.59,-0.68,366334,532789568.0,6.28,0.87,12.6,1.14,-0.21,600061,国投资本,14.93,14.0,14.82,14.8,59687071745,59687071745,-0.14,1.43,-6.86,-5.87,19970519
12.21,-1.69,-0.21,84619,104142055.0,2.33,0.81,10.94,1.52,0.16,600062,华润双鹤,12.47,12.18,12.42,12.42,12737932439,12737932439,-0.16,1.39,-7.5,-4.24,19970522
17.31,-1.82,-0.32,211254,373554208.0,4.93,0.95,183.67,0.92,0.29,600066,宇通客车,18.1,17.23,17.75,17.63,38323287950,38323287950,0.0,2.58,14.18,30.64,19970508
6.62,-0.45,-0.03,174159,116058193.0,1.05,0.38,9.09,0.83,0.0,600068,葛洲坝,6.69,6.62,6.66,6.65,30483626467,30483626467,0.0,0.95,7.12,1.53,19970526
10.72,0.37,0.04,108636,116741707.0,2.25,2.08,12.06,1.2,0.09,600070,浙江富润,10.87,10.63,10.68,10.68,5595262385,5595262385,-0.09,1.78,-14.99,12.02,19970604
13.28,10.02,1.21,507480,666681824.0,10.85,6.89,503.52,5.12,0.0,600072,中船科技,13.28,11.97,12.07,12.07,9777398446,9777398446,0.0,2.58,-2.21,-0.3,19970603
9.74,-2.7,-0.27,146918,145452292.0,3.1,1.57,17.77,0.91,-0.2,600073,上海梅林,10.04,9.73,10.0,10.01,9133485057,9133485057,0.1,2.13,-18.15,24.08,19970704
32.81,-2.35,-0.79,83068,275764496.0,4.05,0.61,62.01,1.21,-0.12,600079,人福医药,34.0,32.64,34.0,33.6,50659450834,44415038149,-0.12,4.09,-3.39,143.76,19970606
24.5,-1.37,-0.34,165487,408601376.0,1.81,1.21,35.24,0.59,-0.16,600085,同仁堂,24.95,24.5,24.79,24.84,33601021419,33601021419,-0.08,3.51,-16.24,-12.25,19970625
8.18,-1.21,-0.1,263042,217491622.0,2.05,0.71,14.65,0.92,0.0,600089,特变电工,8.34,8.17,8.25,8.28,30383078614,30383078614,-0.12,0.95,1.11,26.04,19970618
8.44,-2.88,-0.25,69777,59745158.0,3.57,0.62,27.74,1.06,0.12,600093,易见股份,8.72,8.41,8.69,8.69,9473456900,9473456900,0.0,1.15,-27.68,-39.54,19970626
4.55,0.66,0.03,207878,93307867.0,5.31,0.91,25.9,1.92,-0.22,600094,大名城,4.6,4.36,4.52,4.52,11262729009,10358552577,0.0,0.87,-24.04,-21.82,19970703
23.68,-2.79,-0.68,616527,1489451344.0,4.23,0.53,12.46,1.07,-0.29,600104,上汽集团,24.69,23.66,24.36,24.36,276664365123,276664365123,-0.08,1.09,18.16,3.09,19971125
3.93,0.0,0.0,774144,304636656.0,5.34,5.67,-26.34,0.76,-0.25,600105,永鼎股份,4.05,3.84,3.94,3.93,5363307223,5363307223,-0.51,2.02,-35.78,-11.49,19970929
16.67,-6.14,-1.09,1166350,2013122336.0,9.01,3.86,24.16,1.15,0.66,600109,国金证券,17.97,16.37,17.77,17.76,50416069698,50416069698,0.0,2.28,11.88,80.22,19970807
12.63,-3.14,-0.41,1042700,1338898160.0,5.14,2.87,67.76,0.95,0.0,600111,北方稀土,13.22,12.55,13.03,13.04,45885623580,45885623580,0.24,4.56,7.12,16.51,19970924
4.89,-0.81,-0.04,331497,162512935.0,1.62,0.34,-6.6,0.91,0.41,600115,东方航空,4.95,4.87,4.95,4.93,80095800003,47963494985,0.2,1.41,-5.42,-15.1,19971105
31.65,-3.21,-1.05,144302,461146880.0,3.76,1.22,117.58,1.34,0.13,600118,中国卫星,32.81,31.58,32.69,32.7,37425781123,37425781123,0.03,6.46,-12.21,48.8,19970908
6.5,-2.4,-0.16,162710,107342290.0,2.85,0.73,17.02,0.85,-0.46,600120,浙江东方,6.69,6.5,6.66,6.66,14481615603,14481615603,-0.15,1.07,-5.66,5.01,19971201
5.16,-2.27,-0.12,112674,58677573.0,2.84,0.86,13.51,1.11,0.19,600125,铁龙物流,5.29,5.14,5.27,5.28,6736492870,6736492870,0.19,1.09,-6.86,-12.1,19980511
17.77,0.17,0.03,84196,150685154.0,2.03,1.7,54.62,1.96,-0.17,600131,国网信通,18.04,17.68,17.74,17.74,21242161047,8808717370,-0.22,4.91,-12.03,-9.8,19980402
119.35,1.98,2.32,24293,288928448.0,3.33,0.5,93.99,0.96,0.29,600132,重庆啤酒,120.7,116.8,117.94,117.03,57761962481,57761962481,0.18,48.1,39.4,136.06,19971030
7.82,-3.22,-0.26,60976,48348649.0,3.34,1.25,-2.64,0.61,-0.51,600136,当代文体,8.07,7.8,7.99,8.08,4571717632,3807418695,-0.26,1.52,-1.39,-36.42,19980303
10.81,-3.31,-0.37,142713,156776783.0,3.85,1.97,-45.89,1.2,-0.09,600138,中青旅,11.23,10.8,11.19,11.18,7824710400,7824710400,-0.09,1.22,-11.54,-13.93,19971203
11.65,-0.6,-0.07,111345,130956083.0,2.22,1.5,27.0,0.72,0.09,600141,兴发集团,11.88,11.62,11.8,11.72,13040924524,8658181453,0.0,1.42,6.49,14.44,19990616
17.05,0.29,0.05,394891,677473840.0,2.47,1.53,8.67,0.52,0.41,600143,金发科技,17.37,16.95,17.05,17.0,43880260948,43880260948,0.18,3.12,0.41,137.47,20040623
19.22,2.29,0.43,250617,485294272.0,6.23,1.82,395.66,2.73,0.1,600150,中国船舶,19.85,18.68,18.84,18.79,85960080729,26487420234,0.0,1.87,-3.17,-11.67,19980520
9.06,-0.66,-0.06,139438,127423248.0,1.75,0.49,6.92,1.22,-0.11,600153,建发股份,9.22,9.06,9.15,9.12,25943785922,25686916802,-0.11,0.8,-0.77,6.71,19980616
13.2,-5.1,-0.71,722169,982018912.0,7.48,4.15,37.78,0.62,0.3,600155,华创阳安,14.07,13.03,13.81,13.91,22962147754,22962147754,0.08,1.53,-7.24,-5.92,19980918
7.3,-3.05,-0.23,193408,142481985.0,3.45,0.72,383.96,0.74,0.27,600160,巨化股份,7.52,7.26,7.52,7.53,19708146391,19708146391,0.27,1.58,7.04,1.96,19980626
40.46,-1.61,-0.66,101713,413174720.0,4.06,0.81,76.62,0.7,-0.17,600161,天坛生物,41.69,40.02,41.37,41.12,50754649197,50754649197,-0.07,11.6,-0.76,74.17,19980616
2.0,-1.48,-0.03,154595,31109614.0,2.46,0.46,-574.48,1.51,0.0,600162,香江控股,2.04,1.99,2.04,2.03,6791562848,6791562848,0.0,1.33,-9.91,-9.91,19980609
12.75,-1.85,-0.24,43637,56048700.0,2.16,0.19,18.87,0.8,0.0,600167,联美控股,13.03,12.75,13.03,12.99,29173523306,29173523306,-0.08,3.54,0.16,-1.54,19990128
3.04,-0.98,-0.03,249759,76394988.0,0.98,0.28,9.05,1.29,0.0,600170,上海建工,3.07,3.04,3.07,3.07,27069369093,27069369093,0.0,0.99,-4.4,-10.59,19980623
15.61,-3.88,-0.63,135205,214371336.0,3.57,2.01,61.18,0.83,0.0,600171,上海贝岭,16.14,15.56,16.08,16.24,10991338395,10518139337,-0.06,3.81,-11.31,-0.19,19980924
-,-,-,-,-,-,-,34.24,-,-,600176,中国巨石,-,-,-,16.68,58418478241,58418478241,-,3.56,-,-,19990422
7.16,-1.24,-0.09,164294,118618977.0,1.79,0.35,4.45,0.71,-0.14,600177,雅戈尔,7.28,7.15,7.25,7.25,33143661287,33143661287,0.0,1.19,-1.51,5.76,19981119
5.92,-2.15,-0.13,21277,12744379.0,2.64,0.21,29.82,0.85,-0.17,600180,瑞茂通,6.08,5.92,6.04,6.05,6017546587,6017546587,-0.34,0.99,-10.98,-13.7,19980703
28.59,-1.75,-0.51,343171,1000083952.0,3.81,1.5,37.69,0.9,-0.1,600183,生益科技,29.68,28.57,28.83,29.1,65469969866,65469969866,0.03,6.85,21.5,39.33,19981028
7.68,-4.95,-0.4,489718,386620816.0,6.81,2.38,19.88,1.75,0.0,600185,格力地产,8.2,7.65,8.1,8.08,15829182182,15829182182,0.13,1.88,-34.53,58.68,19990611
10.89,0.18,0.02,573670,635859344.0,3.59,1.94,6.98,1.23,-0.46,600188,兖州煤业,11.28,10.89,11.03,10.87,52925400000,32233087755,-0.37,0.94,16.1,9.12,19980701
55.07,2.88,1.54,603326,3292455360.0,4.37,3.0,42.7,1.24,-0.02,600196,复星医药,55.55,53.21,53.8,53.53,141138822873,110743459538,0.02,4.27,9.01,110.11,19980807
23.96,-2.64,-0.65,280004,676477600.0,3.86,6.44,38.58,1.07,-0.37,600197,伊力特,24.66,23.71,24.31,24.61,10413407291,10413407291,-0.13,3.9,18.2,53.69,19990916
22.78,-3.92,-0.93,120219,277801792.0,4.39,1.07,65.06,1.53,-0.09,600201,生物股份,23.8,22.76,23.8,23.71,25655752690,25512717070,0.09,5.27,-15.22,22.08,19990115
14.04,-3.77,-0.55,203726,291810192.0,4.52,2.42,59.65,0.92,0.0,600206,有研新材,14.66,14.0,14.59,14.59,11886557885,11814347357,0.07,3.69,-9.36,15.27,19990319
3.19,-0.93,-0.03,343986,110409854.0,1.86,0.4,7.53,1.03,-0.31,600208,新湖中宝,3.24,3.18,3.21,3.22,27431905880,27428168428,0.0,0.74,-10.14,-15.38,19990623
4.41,-1.12,-0.05,85290,37895532.0,2.02,0.56,11.39,1.08,-0.23,600210,紫江企业,4.5,4.41,4.48,4.46,6688806457,6688806457,-0.45,1.33,-3.08,23.53,19990824
14.2,0.28,0.04,173730,249120075.0,2.61,1.8,16.56,1.1,-0.14,600216,浙江医药,14.5,14.13,14.16,14.16,13704817600,13704756895,0.0,1.82,-20.18,14.98,19991021
2.65,-2.21,-0.06,1024797,273514560.0,3.69,0.86,16.8,0.79,0.38,600219,南山铝业,2.73,2.63,2.7,2.71,31668776028,31668776028,0.76,0.79,2.71,21.0,19991223
1.58,-1.25,-0.02,1150215,182892004.0,1.25,0.7,-1.27,1.14,-0.63,600221,海航控股,1.6,1.58,1.6,1.6,26553670121,25968884310,0.0,0.85,-7.06,-8.67,19991125
10.81,-3.05,-0.34,118404,130569789.0,3.86,1.17,19.82,0.88,-0.28,600223,鲁商发展,11.24,10.81,11.18,11.15,10905462061,10905462061,-0.18,3.63,5.36,29.93,20000113
13.44,-1.54,-0.21,160210,217287865.0,2.2,0.51,22.98,0.96,-0.15,600233,圆通速递,13.7,13.4,13.64,13.65,42468124272,42438740682,0.0,2.55,-14.88,7.52,20000608
4.43,-0.89,-0.04,79266,35223636.0,1.57,0.1,15.7,1.23,0.0,600236,桂冠电力,4.49,4.42,4.46,4.47,34918933663,34918933663,0.0,2.38,-9.96,-5.74,20000323
3.18,0.32,0.01,88185,28130805.0,1.26,0.25,19.36,0.7,0.0,600252,中恒集团,3.21,3.17,3.19,3.17,11050840727,11050840727,0.0,1.66,-9.4,-0.63,20001130
2.94,-0.68,-0.02,363839,107921232.0,1.69,0.54,21.01,0.99,-0.34,600256,广汇能源,2.99,2.94,2.96,2.96,19856856373,19856856373,0.0,1.23,2.08,-11.18,20000526
24.01,-2.6,-0.64,81566,198321220.0,4.14,0.83,-32.05,0.98,-0.33,600258,首旅酒店,25.0,23.98,25.0,24.65,23715048243,23503180161,-0.08,2.84,28.74,16.89,20000601
11.22,-3.44,-0.4,195656,221732857.0,3.61,2.01,13.88,1.54,0.18,600260,凯乐科技,11.59,11.17,11.58,11.62,11228022625,10912274378,0.09,1.65,-16.39,-17.32,20000706
4.09,-3.76,-0.16,185979,77507598.0,3.53,1.28,10.05,0.45,-0.73,600261,阳光照明,4.24,4.09,4.24,4.25,5939100984,5939100984,-0.24,1.54,-3.08,-10.7,20000720
13.42,-3.24,-0.45,124837,170330741.0,3.1,0.67,106.1,1.96,-0.07,600271,航天信息,13.85,13.42,13.84,13.87,24927610384,24865228588,-0.15,2.16,-22.56,-41.5,20030711
10.71,-2.1,-0.23,338551,368392048.0,3.38,2.36,13.52,1.52,-0.19,600273,嘉化能源,11.04,10.67,10.85,10.94,15344544116,15344544116,0.0,2.02,0.56,-1.65,20030627
88.24,-2.03,-1.83,223855,1989629040.0,2.81,0.42,82.86,0.96,0.06,600276,恒瑞医药,90.66,88.13,90.66,90.07,470470711698,467295914149,0.0,15.99,-4.43,21.31,20001018
3.19,-1.54,-0.05,147972,47476322.0,2.16,0.54,29.12,1.12,0.31,600277,亿利洁能,3.25,3.18,3.23,3.24,8737219075,8737219075,0.0,0.57,-14.93,-28.48,20000725
3.19,0.63,0.02,362548,116117545.0,1.89,0.82,7.33,0.92,0.0,600282,南钢股份,3.23,3.17,3.18,3.17,19603410442,14186268006,0.0,0.86,1.92,1.27,20000919
6.28,-0.63,-0.04,31448,19815929.0,1.27,0.32,18.01,0.95,-0.16,600284,浦东建设,6.35,6.27,6.33,6.32,6093207680,6093207680,0.16,0.98,-4.27,1.13,20040316
9.14,-1.83,-0.17,40539,37279474.0,2.15,0.71,14.44,0.85,0.0,600285,羚锐制药,9.3,9.1,9.29,9.31,5189774187,5189774187,0.0,2.29,-15.53,-4.79,20001018
10.45,-3.78,-0.41,268872,285978544.0,4.51,4.12,11.73,0.9,-0.38,600295,鄂尔多斯,10.94,10.45,10.8,10.86,14922046871,6819048643,-0.48,1.14,17.28,21.23,20010426
48.98,-2.33,-1.17,149398,740855232.0,4.17,1.81,29.9,0.66,0.0,600298,安琪酵母,51.0,48.91,49.98,50.15,40363484588,40363484588,-0.02,7.3,-12.85,61.81,20000818
12.42,-0.48,-0.06,68339,85943637.0,2.32,0.25,22.75,1.04,0.0,600299,安迪苏,12.69,12.4,12.5,12.48,33309213811,33309213811,0.0,2.43,-11.91,13.94,20000420
22.92,-0.04,-0.01,170283,390902224.0,3.36,1.7,74.74,0.76,-0.04,600305,恒顺醋业,23.33,22.56,22.78,22.93,22987752253,22987752253,0.0,9.91,2.37,95.06,20010206
82.6,-0.47,-0.39,85375,709037504.0,2.07,0.6,36.36,0.67,0.18,600309,万华化学,83.99,82.27,83.1,82.99,259343071308,117602280292,0.18,5.9,12.11,50.54,20010105
3.91,-3.46,-0.14,59530,23642846.0,3.95,0.72,21.98,0.96,-0.26,600310,桂东电力,4.06,3.9,4.06,4.05,3236600250,3236600250,-0.26,1.54,-4.4,-7.57,20010228
6.66,-0.6,-0.04,50047,33427290.0,1.04,0.37,58.59,0.92,0.0,600312,平高电气,6.72,6.65,6.7,6.7,9037095918,9037095918,0.0,0.99,-12.14,3.9,20010221
38.3,-2.45,-0.96,27296,105888235.0,3.54,0.41,62.4,0.71,-0.1,600315,上海家化,39.66,38.27,39.66,39.26,25966230356,25708816056,0.0,4.01,-3.53,24.8,20010315
23.1,-3.91,-0.94,48558,114524358.0,4.16,0.63,17.27,1.33,-0.22,600323,瀚蓝环境,24.09,23.09,24.04,24.04,17700698816,17700698816,-0.09,2.47,-23.0,33.37,20001225
6.26,-1.11,-0.07,139498,87983044.0,1.58,0.66,5.67,0.96,0.0,600325,华发股份,6.35,6.25,6.32,6.33,13253794796,13213680716,0.16,0.96,-10.7,-15.75,20040225
7.48,-1.84,-0.14,86822,65497102.0,2.36,0.95,16.7,0.9,0.0,600326,西藏天路,7.65,7.47,7.64,7.62,6870572288,6870572288,-0.27,1.84,-12.92,3.17,20010116
16.61,-0.6,-0.1,22113,36890339.0,1.74,0.39,20.21,0.65,-0.3,600329,中新药业,16.84,16.55,16.69,16.71,12850211492,9399068742,-0.18,2.28,-3.37,22.49,20010606
30.28,-1.05,-0.32,63904,194564719.0,1.47,0.45,13.89,1.04,-0.03,600332,白云山,30.72,30.27,30.65,30.6,49228949936,42570377936,0.0,1.9,-3.41,-13.54,20010206
6.42,2.72,0.17,376939,242452135.0,6.72,3.66,28.66,1.37,-0.16,600335,国机汽车,6.55,6.13,6.3,6.25,9353139753,6610910494,-0.62,0.91,10.31,11.85,20010305
4.89,-1.21,-0.06,122071,59847186.0,3.03,0.69,256.94,0.97,0.2,600337,美克家居,5.0,4.85,4.97,4.95,8639518679,8639518679,0.2,2.06,-11.89,10.38,20001127
9.67,-0.92,-0.09,172388,169065550.0,4.51,1.89,91.05,0.64,0.1,600338,西藏珠峰,10.05,9.61,9.71,9.76,8840412325,8840412325,0.0,3.67,2.65,-22.64,20001227
14.07,-3.17,-0.46,135343,193794311.0,4.54,0.35,5.67,1.17,-0.07,600340,华夏幸福,14.69,14.03,14.55,14.53,55066045212,54779505722,-0.07,1.13,-13.73,-32.74,20031230
24.4,-3.02,-0.76,302675,745451920.0,3.66,0.65,13.02,1.11,-0.08,600346,恒力石化,25.25,24.33,25.04,25.16,171754034778,113019228860,-0.2,3.94,27.08,55.61,20010820
5.37,1.51,0.08,361746,196206607.0,3.21,1.5,8.85,1.29,-0.37,600348,阳泉煤业,5.5,5.33,5.34,5.29,12914850000,12914850000,-0.19,0.75,10.49,2.29,20030821
6.68,-1.62,-0.11,47270,32048499.0,3.09,0.1,18.04,0.62,-0.3,600350,山东高速,6.89,6.68,6.86,6.79,32138587925,32138587925,-0.3,1.15,6.2,47.46,20020318
14.16,-2.55,-0.37,310348,445051904.0,2.55,0.95,10.93,0.91,-0.28,600352,浙江龙盛,14.53,14.16,14.51,14.53,46067179138,46067179138,-0.14,1.72,-2.95,-0.42,20030801
20.32,0.15,0.03,574054,1181627360.0,3.84,2.77,34.44,0.75,-0.1,600362,江西铜业,21.03,20.25,20.4,20.29,70362661510,42169027270,-0.05,1.33,27.4,20.74,20020111
24.4,-10.0,-2.71,367064,920771632.0,10.14,8.28,37.97,3.28,0.0,600363,联创光电,27.15,24.4,26.92,27.11,10820832700,10820832700,0.0,3.85,11.93,60.0,20010329
6.6,-3.08,-0.21,313203,211063947.0,4.7,3.17,34.64,1.24,-0.15,600366,宁波韵升,6.9,6.58,6.81,6.81,6528150559,6528150559,-0.15,1.5,4.1,-0.3,20001030
3.6,-1.64,-0.06,88213,32024920.0,2.19,0.78,6.34,1.03,0.0,600368,五洲交通,3.68,3.6,3.66,3.66,4052275445,4052275445,-0.28,0.86,0.0,-18.92,20001221
5.19,-3.53,-0.19,365595,194065342.0,4.46,0.65,34.37,0.81,-0.19,600369,西南证券,5.41,5.17,5.38,5.38,34488116354,29298116354,-0.19,1.39,-4.6,1.57,20010109
17.16,-3.7,-0.66,184578,323285824.0,4.21,0.96,59.82,0.89,-0.06,600372,中航电子,17.88,17.13,17.85,17.82,33088156787,33088156787,-0.12,3.17,4.19,21.02,20010706
11.25,-2.17,-0.25,106959,122089962.0,2.96,0.79,9.03,1.11,-0.35,600373,中文传媒,11.56,11.22,11.5,11.5,15244466839,15244466839,0.0,1.04,-13.93,-14.19,20020304
6.08,-1.62,-0.1,32939,20223484.0,2.1,0.13,8.55,0.74,-0.16,600376,首开股份,6.21,6.08,6.18,6.18,15683756671,15683756671,-0.33,0.63,-13.64,-19.68,20010312
9.42,-1.05,-0.1,30569,28956420.0,1.37,0.08,18.78,0.67,-0.11,600377,宁沪高速,9.55,9.42,9.53,9.52,47455581450,35793803454,-0.11,1.72,-2.08,-12.45,20010116
21.55,1.56,0.33,44811,96932444.0,3.11,1.26,33.34,1.85,0.09,600378,昊华科技,21.87,21.21,21.21,21.22,19766299108,7685418523,-0.05,3.15,-1.91,12.59,20010111
14.48,-1.7,-0.25,117317,172037952.0,3.26,0.6,22.84,0.72,0.14,600380,健康元,14.92,14.44,14.73,14.73,28247402595,28247402595,0.0,2.6,-19.47,42.1,20010608
14.17,0.0,0.0,162433,230492524.0,0.92,0.36,9.61,0.58,0.0,600383,金地集团,14.27,14.14,14.21,14.17,63971649215,63971649215,-0.07,1.22,-3.74,2.46,20010412
6.47,-1.82,-0.12,19372,12642680.0,2.28,0.48,42.86,0.97,-0.15,600387,海越能源,6.62,6.47,6.62,6.59,3052380782,2614193743,-0.31,0.97,-12.57,-22.05,20040218
10.09,-6.14,-0.66,304717,319369696.0,9.3,2.85,14.12,2.71,0.2,600388,龙净环保,10.92,9.92,10.72,10.75,10786737959,10786737959,0.1,1.87,-6.49,5.65,20001229
8.69,-4.19,-0.38,602533,534201168.0,5.73,3.43,77.89,0.72,0.23,600392,盛和资源,9.12,8.6,9.0,9.07,15252401812,15252401812,0.0,2.78,15.1,-4.19,20030529
7.56,3.99,0.29,280590,212489148.0,6.05,1.7,15.65,1.71,0.13,600395,盘江股份,7.74,7.3,7.36,7.27,12512192069,12512192069,0.0,1.8,22.73,32.4,20010531
22.35,-1.19,-0.27,161971,367767632.0,3.54,0.55,30.4,0.96,-0.09,600406,国电南瑞,23.09,22.29,22.85,22.62,103295788134,65594990236,0.0,3.25,6.73,6.99,20031016
8.49,-2.53,-0.22,522863,453917600.0,7.0,2.53,406.94,1.24,-0.35,600409,三友化工,9.01,8.4,8.7,8.71,17526326814,17526326814,-0.24,1.6,37.16,38.05,20030618
10.07,-0.3,-0.03,47144,47508352.0,1.68,0.46,12.29,0.83,0.2,600420,现代制药,10.16,9.99,10.1,10.1,10341470746,10341470746,-0.1,1.32,0.6,13.91,20040616
9.22,-2.12,-0.2,59033,55034148.0,2.23,0.78,14.94,0.78,-0.22,600422,昆药集团,9.43,9.22,9.4,9.42,6992335230,6983071896,-0.11,1.61,-13.02,-12.44,20001206
35.31,1.06,0.37,117976,417853536.0,3.26,0.73,33.38,0.85,-0.08,600426,华鲁恒升,35.83,34.69,34.69,34.94,57437355773,57213843473,-0.14,3.84,39.62,80.89,20020620
238.57,4.65,10.6,77666,1845596496.0,6.19,1.29,81.23,2.48,0.03,600436,片仔癀,243.5,229.4,229.63,227.97,143933386790,143933386790,0.0,19.12,0.04,118.77,20030616
28.44,-2.6,-0.76,880804,2516334336.0,5.62,2.05,27.44,1.22,0.14,600438,通威股份,29.46,27.82,29.35,29.2,121946615653,121946615653,0.04,5.0,18.3,119.78,20040302
2.84,-2.07,-0.06,73177,20990331.0,2.76,0.65,252.33,1.41,0.0,600439,瑞贝卡,2.91,2.83,2.9,2.9,3214838650,3214838650,0.0,1.15,-16.96,-20.22,20030710
17.61,-2.71,-0.49,93083,167469687.0,3.87,1.09,47.67,0.91,-0.11,600446,金证股份,18.3,17.6,18.11,18.1,15152356923,15062683281,0.0,6.93,-9.23,-14.31,20031224
18.06,-0.55,-0.1,19739,35960161.0,2.64,0.45,21.1,0.36,0.0,600452,涪陵电力,18.5,18.02,18.2,18.16,7929062400,7929062400,-0.06,3.8,-2.85,38.71,20040303
25.94,0.04,0.01,156426,411429344.0,3.43,3.57,29.38,1.35,0.12,600459,贵研铂业,26.64,25.75,25.77,25.93,11354145805,11354145805,0.0,3.35,14.07,74.92,20030516
20.34,-2.82,-0.59,1007340,2081339136.0,4.73,7.68,452.09,0.71,-0.39,600460,士兰微,21.2,20.21,20.68,20.93,26687333229,26687333229,-0.59,7.79,13.19,31.48,20030311
4.97,-1.0,-0.05,156557,78351885.0,1.59,0.52,4.24,0.69,0.0,600466,蓝光发展,5.04,4.96,5.03,5.02,15083604262,15083604262,-0.2,0.9,-6.75,-29.8,20010212
4.02,-2.66,-0.11,160930,65645733.0,2.91,0.75,10.04,1.08,0.0,600477,杭萧钢构,4.14,4.02,4.14,4.13,8658024392,8657441484,-0.25,2.19,-11.26,47.79,20031110
7.71,-1.15,-0.09,15122,11722161.0,1.67,0.1,12.55,1.04,-0.13,600483,福能股份,7.83,7.7,7.83,7.8,13572505190,11964654419,0.0,0.96,-5.17,-13.85,20040531
119.31,-1.19,-1.44,11623,140223184.0,2.22,0.38,27.1,0.82,-0.13,600486,扬农化工,121.68,119.0,121.48,120.75,36974038594,36974038594,-0.15,6.41,34.03,75.51,20020425
14.42,-1.23,-0.18,141801,205459461.0,1.58,0.74,24.17,1.12,0.0,600487,亨通光电,14.64,14.41,14.6,14.6,28158861494,27471874121,0.0,1.87,-10.55,-10.88,20030822
9.26,-3.24,-0.31,360236,338497760.0,3.24,1.04,32.46,1.18,-0.32,600489,中金黄金,9.57,9.26,9.55,9.57,44886114343,31957530370,-0.22,1.94,-14.26,9.46,20030814
5.81,-2.35,-0.14,124077,72716820.0,2.86,0.81,11.72,1.75,0.17,600491,龙元建设,5.95,5.78,5.94,5.95,8887893719,8887893719,0.52,0.8,-36.85,-19.75,20040524
23.75,-2.58,-0.63,94996,227944083.0,2.99,0.84,75.14,1.07,-0.25,600498,烽火通信,24.48,23.75,24.39,24.38,27791127813,26874112454,-0.17,2.62,-2.66,-12.39,20010823
5.21,-2.25,-0.12,156851,82803294.0,3.19,0.58,84.28,0.86,0.0,600500,中化国际,5.36,5.19,5.32,5.33,14385625219,14108244819,0.0,1.26,-5.62,1.36,20000301
3.89,-1.77,-0.07,85400,33521220.0,2.27,0.5,8.69,0.81,0.0,600502,安徽建工,3.98,3.89,3.98,3.96,6695313458,6695313458,0.0,0.91,-12.39,-0.51,20030415
6.76,-2.03,-0.14,371903,254846088.0,3.77,1.73,7.3,1.07,0.3,600507,方大特钢,6.98,6.72,6.91,6.9,14574223507,14574223507,0.0,1.73,18.39,0.15,20030930
54.7,9.99,4.97,513607,2692553536.0,9.85,9.28,30.81,1.49,0.02,600511,国药股份,54.7,49.8,50.57,49.73,41271313991,30268049393,0.0,3.73,27.48,105.25,20021127
6.82,1.79,0.12,919863,630438592.0,5.37,2.42,48.62,2.09,0.15,600516,方大炭素,7.05,6.69,6.7,6.7,25956717910,25956717910,-0.15,1.68,3.81,-21.52,20020830
1840.0,-0.54,-10.0,31152,5766037504.0,1.46,0.25,51.25,0.66,0.05,600519,贵州茅台,1866.0,1839.0,1865.95,1850.0,2311403952000,2311403952000,0.02,15.57,7.51,57.81,20010827
34.42,-2.66,-0.94,99503,346260832.0,3.76,0.68,44.67,0.63,-0.17,600521,华海药业,35.65,34.32,35.5,35.36,50067608978,50067608978,0.0,8.1,-8.12,121.92,20030304
10.6,-1.58,-0.17,246763,262998511.0,2.04,0.8,15.4,0.99,-0.09,600522,中天科技,10.79,10.57,10.75,10.77,32501156345,32501156345,0.19,1.48,-4.33,29.27,20021024
46.5,-1.25,-0.59,190557,885776752.0,3.65,3.2,50.08,0.65,-0.04,600529,山东药玻,47.52,45.8,47.1,47.09,27666000236,27666000236,0.02,6.74,-1.69,70.08,20020603
5.53,-1.07,-0.06,331628,186483270.0,4.11,3.04,18.63,0.61,0.0,600531,豫光金铅,5.75,5.52,5.6,5.59,6029041766,6029041766,0.0,1.65,5.94,19.44,20020730
75.06,0.08,0.06,139144,1056206544.0,3.96,2.81,-50.64,0.77,0.03,600536,中国软件,77.48,74.51,75.1,75.0,37121882417,37121882417,0.04,22.19,-18.24,4.76,20020517
4.08,-4.67,-0.2,271411,109963136.0,9.35,1.43,-43.4,3.95,-0.24,600545,卓郎智能,4.29,3.89,4.29,4.28,7733285020,7733285020,0.0,1.76,-18.4,-32.78,20031203
24.03,-1.92,-0.47,195855,474870912.0,2.2,0.6,42.43,0.85,0.04,600547,山东黄金,24.54,24.0,24.37,24.5,104277134480,79069348486,0.0,4.25,-11.69,3.44,20030828
8.97,0.45,0.04,26855,24082654.0,1.79,0.19,23.29,1.29,0.0,600548,深高速,9.03,8.87,8.92,8.93,19561509824,12856434824,0.11,1.09,-0.33,-18.31,20011225
14.78,-1.53,-0.23,165179,248156214.0,3.46,1.17,42.25,0.85,0.14,600549,厦门钨业,15.24,14.72,15.08,15.01,20781362836,20781362836,0.07,2.81,4.08,14.22,20021107
11.64,-3.32,-0.4,54649,64484776.0,4.07,0.92,27.55,2.03,0.26,600557,康缘药业,12.08,11.59,12.05,12.04,6901135282,6901135282,0.0,1.69,-10.19,-20.6,20020918
22.55,-0.44,-0.1,1698910,3858638352.0,8.08,19.38,65.12,1.54,0.18,600559,老白干酒,23.65,21.82,22.38,22.65,20233831862,19770114136,0.09,5.98,82.74,103.34,20021029
93.35,-0.27,-0.25,32284,303918816.0,3.68,1.43,42.89,0.76,-0.15,600563,法拉电子,95.57,92.13,92.99,93.6,21003750000,21003750000,-0.14,7.76,36.48,93.87,20021210
2.87,-2.71,-0.08,193258,56117957.0,3.39,0.8,16.81,1.15,-0.35,600565,迪马股份,2.96,2.86,2.96,2.95,7353618135,6894819935,0.0,0.78,-6.51,-18.47,20020723
21.62,-1.01,-0.22,28456,61837300.0,1.42,0.35,15.01,1.09,0.09,600566,济川药业,21.91,21.6,21.85,21.84,19204121053,17618729631,0.09,2.2,-12.75,-5.8,20010822
3.18,-0.93,-0.03,437167,140350585.0,1.87,0.95,11.15,0.7,0.0,600567,山鹰国际,3.24,3.18,3.23,3.21,14613976292,14613976292,-0.31,0.99,-2.75,-15.65,20011218
102.47,4.4,4.32,316072,3272753984.0,4.72,3.03,188.66,2.3,0.38,600570,恒生电子,105.53,100.9,100.95,98.15,106987979562,106987979562,0.41,27.94,-1.02,72.57,20031216
5.05,-1.75,-0.09,168926,85985858.0,1.95,0.63,18.58,0.69,0.0,600572,康恩贝,5.15,5.05,5.14,5.14,13469967010,13435920652,0.0,2.64,-11.09,-17.89,20040412
3.28,-2.67,-0.09,158555,52768243.0,3.56,0.83,15.7,1.08,-0.3,600577,精达股份,3.39,3.27,3.37,3.37,6302209026,6302209026,0.0,1.78,-16.11,25.67,20020911
14.23,-4.3,-0.64,443748,649488912.0,6.19,3.4,22.43,0.87,-0.28,600580,卧龙电驱,15.11,14.19,14.87,14.87,18612022999,18593196709,-0.07,2.51,14.76,19.88,20020606
3.17,-3.35,-0.11,298671,96130336.0,3.66,0.72,11.38,1.1,0.32,600582,天地科技,3.28,3.16,3.28,3.28,13119326788,13119326788,0.0,0.75,-3.65,2.59,20020515
4.45,-2.2,-0.1,176734,79393096.0,2.86,0.4,185.36,0.89,0.0,600583,海油工程,4.56,4.43,4.56,4.55,19675028860,19675028860,0.23,0.87,-6.51,-39.21,20020205
52.93,-0.95,-0.51,189628,1010339856.0,1.78,0.47,8.51,0.88,0.04,600585,海螺水泥,53.82,52.87,53.44,53.44,280492085506,211704257506,0.0,1.85,-10.07,0.25,20020207
14.78,-2.18,-0.33,31070,46374638.0,2.91,0.77,21.15,1.36,-0.14,600587,新华医疗,15.22,14.78,15.11,15.11,6007007185,5963237353,-0.14,1.38,-13.82,4.23,20020927
44.84,-3.13,-1.45,149493,681420832.0,4.1,0.46,-7050.01,0.95,0.02,600588,用友网络,46.7,44.8,46.08,46.29,146635576623,145750087244,0.09,22.21,13.23,107.11,20010518
13.39,0.68,0.09,715176,958358880.0,3.98,10.22,51.74,0.91,0.0,600596,新安股份,13.62,13.09,13.28,13.3,10552667476,9371200826,0.0,1.65,39.04,38.9,20010906
15.25,-2.24,-0.35,113101,174299737.0,2.5,0.92,32.91,0.73,-0.2,600597,光明乳业,15.62,15.23,15.59,15.6,18673434512,18670605637,-0.07,3.13,-17.3,21.42,20020828
17.0,-1.28,-0.22,133395,228724144.0,2.56,0.75,21.84,0.7,-0.12,600598,北大荒,17.44,17.0,17.25,17.22,30220558453,30220558453,-0.06,4.31,-12.01,81.62,20020329
98.09,-0.11,-0.11,48780,480804480.0,1.91,0.7,33.7,1.02,0.27,600600,青岛啤酒,99.43,97.55,97.57,98.2,133812690362,68262166692,0.25,6.28,27.37,94.43,19930827
7.14,-2.06,-0.15,74699,53823423.0,2.33,0.53,177.64,1.15,0.0,600604,市北高新,7.3,7.13,7.27,7.29,13375396301,10049227301,0.0,2.12,-16.88,-19.32,19920327
6.33,-0.78,-0.05,306838,195466510.0,1.88,0.25,4.8,0.62,0.0,600606,绿地控股,6.44,6.32,6.37,6.38,77024417257,77024417257,0.0,0.95,-14.23,-3.36,19920327
3.57,-1.65,-0.06,56034,20212722.0,2.75,0.36,19.48,1.31,0.28,600611,大众交通,3.66,3.56,3.64,3.63,8439918624,5581039419,0.28,0.93,-9.62,-9.39,19920807
48.06,-2.1,-1.03,15506,75047648.0,2.2,0.49,15.3,0.61,0.08,600612,老凤祥,49.09,48.01,48.92,49.09,25141039738,15240288818,0.06,3.28,-6.41,3.44,19920814
19.68,-5.61,-1.17,606202,1229982704.0,7.39,5.71,23.24,1.7,0.2,600621,华鑫股份,21.05,19.51,20.77,20.85,20878498067,20878498067,0.05,3.03,-3.91,28.71,19921202
3.61,-3.73,-0.14,108757,39985040.0,4.0,0.73,13.63,1.61,-0.28,600622,光大嘉宝,3.76,3.61,3.74,3.75,5413864301,5413864301,0.0,0.82,-12.59,-5.99,19921203
4.07,-1.21,-0.05,42961,17555970.0,1.94,0.53,-21.91,0.9,0.0,600626,申达股份,4.13,4.05,4.12,4.12,3468825656,3289198367,0.25,1.1,-15.21,-31.71,19930107
4.22,-0.94,-0.04,106721,45307011.0,1.88,0.44,45.83,0.77,0.0,600635,大众公用,4.29,4.21,4.27,4.26,12459274329,10207300869,0.24,1.51,-9.83,-12.99,19930304
9.2,-2.02,-0.19,126938,118174015.0,2.45,0.37,18.02,1.05,0.0,600637,东方明珠,9.42,9.19,9.39,9.39,31413401849,31413401849,0.11,1.07,-11.96,1.21,19930316
12.66,-1.33,-0.17,28575,36526413.0,1.79,0.34,15.53,0.87,0.0,600639,浦东金桥,12.86,12.63,12.75,12.83,14209747225,10763996660,0.16,1.38,-4.16,-4.02,19930326
17.54,-2.45,-0.44,81998,145389897.0,2.56,0.86,56.51,0.42,-0.45,600641,万业企业,17.99,17.53,17.99,17.98,16802099286,16802099286,-0.17,2.59,-16.08,11.93,19930407
5.39,-1.1,-0.06,86924,47139550.0,2.39,0.19,10.18,1.05,0.0,600642,申能股份,5.49,5.36,5.46,5.45,26475886523,24535486523,0.0,0.87,-4.94,-3.58,19930416
8.11,-3.22,-0.27,108124,89347125.0,3.94,0.75,9.62,0.84,-0.12,600643,爱建集团,8.4,8.07,8.38,8.38,13153791086,11655204135,0.12,1.15,-5.92,-13.26,19930426
14.29,-1.72,-0.25,39349,56421457.0,1.99,0.42,27.23,1.41,0.07,600648,外高桥,14.51,14.22,14.46,14.54,16224138982,13358172307,0.07,1.51,-6.11,-16.58,19930504
8.97,-3.55,-0.33,84714,77329515.0,3.76,0.53,16.45,1.09,-0.11,600655,豫园股份,9.31,8.96,9.29,9.3,34834981222,14378893352,0.11,1.12,-6.66,18.81,19920902
4.3,-2.27,-0.1,73677,32208295.0,2.73,0.48,8.34,0.8,-0.23,600657,信达地产,4.42,4.3,4.4,4.4,12263077959,6554319901,-0.23,0.54,-7.13,10.54,19930524
37.76,-2.53,-0.98,179540,684692432.0,3.98,0.9,41.24,1.18,0.21,600660,福耀玻璃,39.13,37.59,39.12,38.74,94725398008,75632763896,0.0,4.51,22.96,62.48,19930610
11.35,-1.13,-0.13,22826,26108777.0,1.39,0.08,14.98,1.02,-0.09,600663,陆家嘴,11.51,11.35,11.48,11.48,45788140944,33294787344,0.0,2.47,-6.2,-13.03,19930628
10.29,-5.16,-0.56,435206,456219728.0,5.81,2.07,31.26,1.25,-0.1,600667,太极实业,10.89,10.26,10.84,10.85,21672696932,21672696932,-0.1,3.09,-7.38,29.27,19930728
14.42,-2.17,-0.32,45813,66711990.0,2.65,1.33,7.21,1.41,0.14,600668,尖峰集团,14.78,14.39,14.78,14.74,4961688800,4961688800,0.0,1.16,-10.71,-6.97,19930728
5.34,-1.84,-0.1,140935,75683439.0,3.13,0.57,69.63,1.16,0.38,600673,东阳光,5.48,5.31,5.44,5.44,16094211363,13122602385,0.0,2.39,-18.35,-47.85,19930917
9.96,-1.58,-0.16,117528,117651101.0,2.37,0.27,12.14,1.75,-0.1,600674,川投能源,10.16,9.92,10.12,10.12,43845356800,43845356800,0.0,1.58,-1.48,4.73,19930924
3.73,-0.53,-0.02,51415,19231760.0,1.07,0.23,27.13,0.83,0.0,600675,中华企业,3.76,3.72,3.75,3.75,22738584490,8356957867,0.0,1.52,-10.98,-17.29,19930924
5.16,0.39,0.02,21242,10956784.0,0.78,0.15,13.59,0.82,0.19,600681,百川能源,5.18,5.14,5.14,5.14,7444540000,7433965704,0.19,1.79,-6.52,-19.12,19931018
11.06,-6.67,-0.79,260031,293576176.0,6.41,2.23,18.36,1.78,-0.81,600682,南京新百,11.8,11.04,11.77,11.85,14888222364,12885234842,-0.72,0.92,-12.91,9.4,19931018
25.69,1.54,0.39,226309,586054640.0,6.92,2.76,8.21,2.94,0.04,600685,中船防务,26.65,24.9,25.42,25.3,36312978851,21102669800,0.0,2.63,-12.47,74.17,19931028
3.47,-1.98,-0.07,99811,34913648.0,2.26,0.14,-43.86,0.71,0.29,600688,上海石化,3.54,3.46,3.54,3.54,37558632845,25430982845,0.29,1.34,0.29,-7.47,19931108
26.31,-2.45,-0.66,354064,938115104.0,3.26,0.56,20.61,0.89,-0.19,600690,海尔智家,27.12,26.24,26.99,26.97,173108397956,165978020327,0.0,3.46,23.52,37.53,19931119
21.63,-3.52,-0.79,81639,178161120.0,4.33,2.78,10.8,1.98,0.09,600694,大商股份,22.47,21.5,22.43,22.42,6353134464,6353134464,0.0,0.69,-14.06,-18.75,19931122
23.55,-4.0,-0.98,163002,393714512.0,5.1,1.32,-85.67,1.1,-0.21,600699,均胜电子,24.78,23.53,24.6,24.53,32218392895,29137545181,0.0,2.24,1.73,32.08,19931206
26.86,-6.02,-1.72,936667,2575899648.0,5.88,2.3,96.15,1.2,-0.41,600703,三安光电,28.54,26.86,28.42,28.58,120315107533,109546493566,-0.11,4.12,-4.07,47.1,19960528
4.5,-1.1,-0.05,214027,97386693.0,1.76,0.42,6.91,0.89,-0.22,600704,物产中大,4.58,4.5,4.55,4.55,22779819180,22779819180,0.0,0.93,-8.54,-10.0,19960606
4.37,-1.8,-0.08,461715,205186788.0,3.6,0.52,11.01,0.79,0.0,600705,中航资本,4.52,4.36,4.46,4.45,38980289120,38836378574,0.0,1.19,-7.22,-8.0,19960516
2.64,-1.49,-0.04,78260,20859297.0,1.87,0.35,-56.56,0.98,0.0,600708,光明地产,2.69,2.64,2.68,2.68,5883601002,5874733315,0.0,0.54,-12.29,-22.81,19960606
6.19,0.98,0.06,702414,438384128.0,3.92,3.67,39.82,1.3,-0.16,600711,盛屯矿业,6.34,6.1,6.14,6.13,14326531467,11845813356,-0.16,1.55,1.81,17.9,19960531
14.69,-1.74,-0.26,121323,179494906.0,2.47,1.56,5.91,0.71,0.07,600720,祁连山,15.02,14.65,14.96,14.95,11403704243,11401829872,0.2,1.46,-14.89,22.72,19960716
8.75,-1.57,-0.14,104794,92551926.0,2.25,0.61,199.54,0.75,-0.23,600728,佳都科技,8.94,8.74,8.91,8.89,15377315599,15135161974,-0.11,2.84,-9.7,-6.32,19960716
29.31,-0.24,-0.07,18340,53914368.0,1.33,0.45,9.33,0.78,-0.07,600729,重庆百货,29.6,29.21,29.35,29.38,11915349309,11912359689,-0.1,1.71,-12.92,0.65,19960702
8.17,-3.2,-0.27,654997,550920256.0,6.4,3.59,-7.42,0.51,-0.24,600733,北汽蓝谷,8.7,8.16,8.42,8.44,28543196783,14907412714,0.0,1.97,21.94,39.9,19960816
4.98,-1.19,-0.06,75305,37927283.0,2.18,0.65,27.97,0.87,-0.4,600736,苏州高新,5.09,4.98,5.02,5.04,5733438677,5733438677,0.0,0.84,-5.68,-13.84,19960815
8.64,-3.25,-0.29,329802,288904448.0,3.81,1.56,18.29,1.24,0.0,600737,中粮糖业,8.92,8.58,8.88,8.93,18479648690,18239893286,0.0,2.13,-14.12,3.6,19960731
7.67,-3.03,-0.24,173187,135887568.0,4.8,2.34,56.01,1.1,0.13,600738,兰州民百,8.02,7.64,7.92,7.91,5932472531,5679387052,0.0,3.54,37.95,55.26,19960802
24.17,3.91,0.91,428613,1034506400.0,6.92,2.8,10.98,3.36,-0.12,600739,辽宁成大,24.87,23.26,23.31,23.26,36973086253,36973086253,-0.04,1.55,-10.15,59.75,19960819
6.17,4.58,0.27,650608,399669488.0,6.1,6.76,9.83,1.55,-0.48,600740,山西焦化,6.3,5.94,5.94,5.9,12160221168,5941252377,0.0,1.1,25.66,9.01,19960808
29.89,-2.0,-0.61,161779,489113344.0,2.82,0.51,22.78,1.13,0.27,600741,华域汽车,30.66,29.8,30.51,30.5,94234919882,94234919882,-0.03,1.88,13.82,18.89,19960826
10.5,-3.93,-0.43,82143,87658639.0,4.57,1.23,12.93,1.3,0.0,600742,一汽富维,10.92,10.42,10.9,10.93,7025770164,7025770164,-0.28,1.15,-4.02,14.75,19960826
104.92,-2.63,-2.83,113776,1211835216.0,3.42,1.55,43.37,0.67,-0.05,600745,闻泰科技,108.4,104.72,107.1,107.75,130618866737,77256211228,0.02,4.55,-17.12,13.61,19960828
5.16,-1.71,-0.09,63395,33039456.0,2.29,0.34,15.97,0.89,-0.39,600748,上实发展,5.27,5.15,5.25,5.25,9517944523,9517944523,-0.19,0.88,-18.1,-11.64,19960925
11.16,-1.24,-0.14,39044,43871380.0,1.95,0.62,13.25,0.76,0.0,600750,江中药业,11.35,11.13,11.3,11.3,7030800000,7030800000,0.09,1.85,-12.33,9.52,19960923
51.47,0.37,0.19,35034,180402118.0,2.81,0.44,122.9,1.01,-0.35,600754,锦江酒店,52.12,50.68,51.67,51.28,49304988567,41275668567,-0.6,3.82,27.78,83.1,19961011
6.88,-1.99,-0.14,142665,99278857.0,2.42,0.77,4.92,0.8,-0.15,600755,厦门国贸,7.05,6.88,7.04,7.02,12871608744,12728504744,-0.15,0.89,-3.64,-3.23,19961003
17.61,9.93,1.59,269090,468917712.0,11.42,8.3,-40.52,8.4,0.06,600756,浪潮软件,17.62,15.79,16.06,16.02,5707379040,5707379040,-0.06,2.46,-9.46,-14.72,19960923
58.5,-5.8,-3.6,211249,1275498368.0,7.12,5.29,52.92,1.15,0.27,600760,中航沈飞,62.7,58.28,61.4,62.1,81922773173,23375315223,0.21,8.31,4.43,86.01,19961011
233.13,-0.14,-0.32,18407,431728704.0,3.06,0.57,141.66,1.03,-0.1,600763,通策医疗,237.5,230.36,233.9,233.45,74750803200,74750803200,-0.07,34.21,22.7,127.38,19961030
33.3,-2.0,-0.68,61375,207729558.0,4.27,1.87,48.85,1.17,0.12,600764,中国海防,34.65,33.2,33.79,33.98,23663958554,10947898776,0.15,3.67,-17.74,18.13,19961104
19.52,0.05,0.01,386217,766237728.0,5.64,4.96,51.25,1.41,-0.15,600765,中航重机,20.37,19.27,19.51,19.51,18342569997,15186622464,0.1,2.88,52.14,91.56,19961106
7.23,-2.95,-0.22,45326,33063020.0,3.36,0.67,210.82,1.08,-0.14,600775,南京熊猫,7.46,7.21,7.45,7.45,6607052565,4857392565,-0.14,1.91,-10.3,-28.7,19961118
12.42,-2.2,-0.28,65307,81797880.0,2.76,0.68,248.85,0.79,-0.08,600776,东方通信,12.77,12.42,12.7,12.7,15599520795,11873520795,0.0,4.99,-13.27,-40.26,19961126
1.64,-1.2,-0.02,462422,76499641.0,1.81,0.74,91.04,0.54,0.0,600777,新潮能源,1.67,1.64,1.66,1.66,11152813153,10220608440,-0.61,0.7,-15.03,-21.9,19961121
71.57,-1.91,-1.39,58289,419853232.0,2.59,1.19,52.26,0.92,0.0,600779,水井坊,73.39,71.5,72.3,72.96,34965215606,34947881352,0.0,18.33,4.7,42.29,19961206
4.51,0.22,0.01,275869,125111806.0,1.78,0.87,5.72,0.74,0.0,600782,新钢股份,4.57,4.49,4.49,4.5,14381139359,14381139359,0.0,0.63,6.37,-8.52,19961225
4.61,-1.28,-0.06,51608,23984548.0,2.14,0.23,28.01,0.86,-0.22,600787,中储股份,4.7,4.6,4.69,4.67,10141082762,10141082762,0.22,0.89,-7.24,-11.52,19970121
2.15,-0.92,-0.02,676378,146523513.0,1.38,0.34,14.23,1.1,-0.46,600795,国电电力,2.18,2.15,2.17,2.17,42248355367,42248355367,-0.46,0.83,0.94,-6.11,19970318
23.5,-1.14,-0.27,83303,196313077.0,2.1,0.61,9.18,0.9,-0.13,600801,华新水泥,23.9,23.4,23.79,23.77,49270096593,32004176593,-0.04,2.23,-10.98,-6.82,19940103
8.3,-3.94,-0.34,88922,75214719.0,4.4,1.94,13.07,1.11,-0.24,600802,福建水泥,8.68,8.3,8.62,8.64,3803461720,3803461720,-0.12,2.59,-19.1,14.8,19940103
13.9,-1.84,-0.26,62063,87526344.0,2.4,0.5,21.65,0.9,-0.22,600803,新奥股份,14.24,13.9,14.12,14.16,36139756236,17088045384,-0.07,5.09,11.11,33.27,19940103
2.68,-0.37,-0.01,256628,69121591.0,1.12,0.43,9.94,0.65,0.0,600808,马钢股份,2.71,2.68,2.69,2.69,20637825578,15993573178,-0.37,0.74,-5.3,-10.37,19940106
271.9,2.57,6.8,63032,1697038720.0,3.55,0.73,72.21,1.23,-0.04,600809,山西汾酒,273.6,264.2,265.1,265.1,236968535525,235424143525,0.0,25.91,44.68,206.19,19940106
3.88,-2.51,-0.1,177879,69989828.0,2.76,0.48,22.62,0.8,-0.26,600811,东方集团,3.98,3.87,3.97,3.98,14412555361,14412555361,0.26,0.68,-13.0,15.48,19940106
5.64,-0.88,-0.05,76115,43176636.0,1.41,0.24,10.54,0.77,-0.18,600820,隧道股份,5.71,5.63,5.7,5.69,17732701970,17732701970,0.0,0.79,-3.92,-3.26,19940128
5.64,1.62,0.09,145287,81546157.0,4.5,0.39,14.67,1.34,-0.18,600823,世茂股份,5.71,5.46,5.53,5.55,21156588992,21156588992,0.36,0.82,-10.05,33.02,19940204
3.85,-2.53,-0.1,28825,11205086.0,2.78,0.17,15.35,1.07,0.26,600828,茂业商业,3.95,3.84,3.95,3.95,6668132802,6665736697,0.0,1.02,-10.26,-12.5,19940224
19.2,-0.93,-0.18,43240,83967409.0,3.3,0.54,16.02,0.81,0.0,600835,上海机电,19.79,19.15,19.51,19.38,19636594714,15484882560,0.0,1.67,13.95,18.52,19940224
12.96,-2.11,-0.28,774874,1018435072.0,2.64,0.96,14.94,1.25,-0.15,600837,海通证券,13.29,12.94,13.25,13.24,169312032000,104874020093,-0.15,1.1,-10.74,-14.62,19940224
62.43,-2.54,-1.63,43605,274957088.0,4.04,0.52,55.88,0.9,-0.03,600845,宝信软件,64.85,62.26,63.96,64.06,72145060182,52214567238,-0.08,10.46,-6.96,92.09,19940311
8.29,-2.24,-0.19,55913,46721697.0,2.24,0.89,9.55,1.53,-0.12,600846,同济科技,8.47,8.28,8.46,8.48,5179272968,5179272968,0.0,1.72,-10.67,-7.58,19940311
21.5,0.56,0.12,33564,72084925.0,1.36,0.28,27.87,1.01,0.05,600848,上海临港,21.56,21.27,21.46,21.38,45194466558,26113517838,0.05,3.15,-5.49,-11.56,19940324
24.32,-1.94,-0.48,42297,104805490.0,3.51,0.99,31.57,1.32,0.08,600850,华东电脑,25.07,24.2,24.85,24.8,10381046185,10381046185,0.0,3.85,-12.2,-3.15,19940324
32.9,-5.05,-1.75,184369,608617216.0,8.23,3.24,90.29,1.6,0.34,600859,王府井,34.7,31.85,34.55,34.65,25538636515,18712767347,0.55,2.26,-28.79,141.73,19940506
2.56,-0.39,-0.01,90072,23131650.0,0.78,0.16,11.25,0.66,0.0,600863,内蒙华电,2.58,2.56,2.57,2.57,14869831148,14869831148,0.0,1.26,-3.4,-2.29,19940520
13.68,1.26,0.17,224893,307164288.0,2.22,1.11,27.62,1.8,0.0,600867,通化东宝,13.77,13.47,13.47,13.51,27824962913,27824962913,0.0,5.26,-2.49,9.88,19940824
2.1,-1.41,-0.03,736798,156441174.0,4.23,0.61,129.05,0.45,0.0,600871,石化油服,2.18,2.09,2.17,2.13,39867114069,25289588090,0.0,5.42,8.25,-7.08,19950411
69.87,-0.14,-0.1,58779,412108992.0,2.62,0.74,62.51,0.42,0.19,600872,中炬高新,71.13,69.3,70.4,69.97,55661040745,55661040745,0.04,12.67,2.89,78.83,19950124
6.69,-0.74,-0.05,40561,27208131.0,1.34,0.37,16.4,0.95,0.15,600874,创业环保,6.76,6.67,6.74,6.74,9548158197,7273558197,0.15,1.48,-8.1,-5.51,19950630
10.25,-4.12,-0.44,317202,329628448.0,4.21,1.59,17.87,1.58,-0.1,600875,东方电气,10.7,10.25,10.67,10.69,31977582333,20468228772,-0.1,1.06,-1.63,14.02,19951010
15.83,-0.13,-0.02,72431,114616255.0,4.16,2.6,79.41,1.15,0.0,600876,洛阳玻璃,16.17,15.51,15.85,15.85,8683395039,4410557370,0.0,6.29,9.63,-1.86,19951031
6.52,-2.1,-0.14,348235,230005170.0,2.7,1.28,38.77,0.92,-0.31,600879,航天电子,6.7,6.52,6.65,6.66,17729648772,17729648772,-0.31,1.41,-13.3,10.14,19951115
49.46,-2.08,-1.05,36541,183351315.0,2.91,0.49,46.26,0.7,-0.02,600885,宏发股份,50.81,49.34,50.02,50.51,36835906362,36835906362,-0.04,6.96,6.59,44.79,19960205
8.82,-4.03,-0.37,330500,294860912.0,4.13,0.47,8.84,2.98,-0.11,600886,国投电力,9.18,8.8,9.17,9.19,61439002921,61439002921,0.0,1.54,-5.87,-1.23,19960118
40.24,-1.08,-0.44,497960,2021999520.0,2.8,0.84,30.47,1.03,0.0,600887,伊利股份,41.24,40.1,41.0,40.68,244788444160,238632740381,0.02,8.62,0.9,33.55,19960312
44.9,-4.45,-2.09,328879,1514069760.0,5.3,1.56,141.69,1.1,-0.11,600893,航发动力,47.29,44.8,46.9,46.99,119685181286,94655454795,0.16,3.36,11.47,108.45,19960408
17.8,-1.82,-0.33,89187,160308377.0,2.1,0.58,20.53,0.79,-0.17,600895,张江高科,18.18,17.8,18.09,18.13,27566673990,27566673990,-0.06,2.73,-12.27,17.18,19960422
17.51,-0.79,-0.14,25513,44742251.0,1.64,0.86,40.37,1.53,0.11,600897,厦门空港,17.77,17.48,17.66,17.65,5214653100,5214653100,0.0,1.42,-4.0,-19.75,19960531
20.09,1.31,0.26,216218,433248880.0,1.66,0.1,16.92,1.1,0.15,600900,长江电力,20.15,19.82,19.84,19.83,456883951931,456883951931,0.0,2.76,0.45,13.5,20031118
12.55,4.5,0.54,295362,366358080.0,6.0,2.6,62.7,1.33,-0.24,600903,贵州燃气,12.67,11.95,12.06,12.01,14284222089,14284222089,0.0,5.17,9.42,-14.8,20171107
7.89,-4.13,-0.34,598427,483324000.0,4.74,1.65,21.39,1.02,-0.38,600909,华安证券,8.28,7.89,8.22,8.23,28569996384,28569996384,-0.25,2.06,-7.18,9.58,20161206
7.12,0.85,0.06,20585,14624446.0,1.56,0.13,28.41,0.78,0.14,600917,重庆燃气,7.14,7.03,7.04,7.06,11078720000,11078720000,0.14,2.53,-3.78,-0.84,20140930
-,-,-,-,-,-,-,4.29,-,-,600919,江苏银行,-,-,-,5.93,68459020334,67781563626,-,0.58,-,-,20160802
14.59,1.89,0.27,330974,485800160.0,3.7,0.66,11.64,1.12,0.21,600926,杭州银行,14.93,14.4,14.4,14.32,86521624303,73553446296,-0.07,1.38,12.23,65.61,20161027
5.58,-1.06,-0.06,583951,332244032.0,4.43,5.05,9.34,0.6,0.0,600928,西安银行,5.8,5.55,5.66,5.64,24800000003,6448445459,0.0,1.0,2.01,-26.48,20190301
15.35,-2.35,-0.37,59398,91497357.0,4.01,0.7,39.14,1.28,-0.2,600933,爱柯迪,15.82,15.19,15.58,15.72,13204446075,13114171190,-0.13,3.15,6.97,12.13,20171117
8.65,-1.7,-0.15,54312,47626748.0,5.0,4.03,26.52,0.82,0.0,600956,新天绿能,8.98,8.54,8.82,8.8,33301724925,1165587500,-0.35,2.86,-0.35,182.68,20200629
11.1,-4.48,-0.52,603669,689884656.0,5.51,1.06,19.08,1.13,-0.27,600958,东方证券,11.72,11.08,11.6,11.62,77629579413,63018701994,-0.18,1.4,-1.86,4.62,20150323
9.8,-0.81,-0.08,163927,161514889.0,1.72,0.97,26.49,0.8,0.2,600967,内蒙一机,9.95,9.78,9.9,9.88,16558391807,16558391807,0.1,1.73,-17.92,-7.2,20040518
2.45,-0.81,-0.02,269059,66412605.0,1.62,1.44,17.35,0.71,-0.81,600968,海油发展,2.49,2.45,2.48,2.47,24904505288,4569505288,-0.41,1.3,-2.39,-15.22,20190626
7.29,-1.22,-0.09,237017,174924427.0,3.93,1.36,9.25,0.75,0.14,600970,中材国际,7.54,7.25,7.38,7.38,12667446506,12667446506,0.0,1.19,19.12,9.3,20050412
5.8,4.88,0.27,571236,330820528.0,7.05,4.76,12.76,2.23,-0.34,600971,恒源煤电,5.95,5.56,5.56,5.53,6960028327,6960028327,0.0,0.78,12.19,3.02,20040817
4.35,-2.68,-0.12,106479,47067955.0,2.68,0.87,21.55,1.26,-0.46,600973,宝胜股份,4.47,4.35,4.46,4.47,5965443179,5316189449,0.0,1.32,-10.31,15.38,20040802
8.53,-3.4,-0.3,193404,166677868.0,4.42,2.96,17.6,0.91,0.47,600975,新五丰,8.84,8.45,8.83,8.83,5567322732,5567322732,-0.12,4.02,-8.77,6.49,20040609
12.68,-2.01,-0.26,100926,129425487.0,2.32,0.54,-31.74,1.1,0.08,600977,中国电影,12.96,12.66,12.91,12.94,23673560000,23673560000,-0.16,2.18,-14.84,-14.9,20160809
14.51,-2.75,-0.41,110546,162490867.0,4.02,1.29,28.04,0.63,0.0,600984,建设机械,15.1,14.5,15.04,14.92,14030544111,12464893680,-0.07,2.49,-37.24,40.46,20040707
11.4,4.4,0.48,230345,263088813.0,6.59,3.54,6.7,1.69,0.09,600985,淮北矿业,11.68,10.96,10.99,10.92,24766015055,7411431635,-0.09,1.2,11.76,21.41,20040428
5.45,-1.98,-0.11,45625,25121057.0,2.7,0.5,11.07,1.01,0.0,600987,航民股份,5.6,5.45,5.57,5.56,5890462683,5020537275,0.0,1.18,-7.0,-10.8,20040809
17.34,-3.83,-0.69,555531,977705072.0,3.94,3.89,42.71,1.04,0.0,600988,赤峰黄金,18.02,17.31,17.8,18.03,28852223295,24733455141,-0.12,7.42,-2.36,244.73,20040414
11.96,-2.92,-0.36,361904,435670064.0,4.3,1.81,20.87,0.91,0.08,600989,宝丰能源,12.39,11.86,12.3,12.32,87706985600,23851469200,-0.17,3.59,4.55,29.58,20190516
42.8,-4.16,-1.86,22711,99322175.0,4.64,1.43,-67.89,0.59,-0.05,600990,四创电子,44.87,42.8,44.58,44.66,6812865908,6812865908,-0.02,2.85,-9.17,-3.84,20040510
21.22,-0.33,-0.07,78129,168055139.0,3.24,1.82,20.82,1.2,0.14,600993,马应龙,21.85,21.16,21.3,21.29,9146963567,9131114880,0.05,3.31,-7.13,23.16,20040517
5.93,-4.51,-0.28,129236,77888851.0,4.99,1.23,73.86,2.5,0.0,600996,贵广网络,6.22,5.91,6.21,6.21,6236581095,6236581095,-0.17,1.38,-20.4,-25.41,20161226
17.26,-2.04,-0.36,77893,135262395.0,3.01,0.42,11.33,1.06,0.29,600998,九州通,17.73,17.2,17.73,17.62,32341975737,32341673687,0.0,1.72,1.89,21.98,20101102
22.57,-2.29,-0.53,490922,1132555136.0,5.19,0.66,20.25,0.74,0.0,600999,招商证券,23.61,22.41,23.16,23.1,196280610011,167514658989,0.0,2.14,5.27,42.94,20091117
2.51,-2.33,-0.06,326735,82862830.0,2.33,0.55,8.25,0.87,-0.4,601000,唐山港,2.57,2.51,2.57,2.57,14874080821,14874080821,0.0,0.83,-2.33,0.0,20100705
5.8,2.11,0.12,511404,301767232.0,4.05,3.06,9.54,1.25,-0.17,601001,大同煤业,6.0,5.77,5.82,5.68,9707460000,9707460000,-0.17,1.31,20.33,31.82,20060623
4.97,-0.6,-0.03,94009,47001988.0,1.6,0.37,7.73,0.95,-0.4,601003,柳钢股份,5.04,4.96,4.98,5.0,12737082204,12737082204,-0.4,1.12,2.9,-4.42,20070227
1.52,-0.65,-0.01,330780,50938606.0,2.61,0.39,27.45,0.78,0.0,601005,重庆钢铁,1.56,1.52,1.53,1.53,13556275446,12738322102,0.0,0.69,-3.8,-17.84,20070228
6.72,-0.74,-0.05,207620,140127512.0,1.03,0.14,8.42,0.58,-0.15,601006,大秦铁路,6.79,6.72,6.78,6.77,99904838820,99904838820,-0.3,0.86,2.28,-13.07,20060801
8.1,-1.22,-0.1,538722,440040176.0,2.07,0.64,6.03,1.16,-0.12,601009,南京银行,8.27,8.1,8.23,8.2,81056837481,68705884184,-0.12,0.86,-5.37,-3.34,20070719
73.37,1.14,0.83,454779,3342658304.0,2.76,1.21,32.65,1.17,-0.15,601012,隆基股份,74.1,72.1,72.58,72.54,276734684266,276728403061,-0.03,8.53,15.87,200.08,20120411
2.73,-2.15,-0.06,385377,106128184.0,2.15,0.93,19.06,1.04,0.0,601016,节能风电,2.79,2.73,2.78,2.79,13613614560,11344678800,0.0,1.4,-7.77,15.68,20140929
3.81,-1.8,-0.07,119894,46024878.0,2.32,0.09,16.66,0.95,0.0,601018,宁波港,3.89,3.8,3.89,3.88,60226260180,50188550152,0.0,1.16,-2.56,2.97,20100928
6.03,-0.82,-0.05,54811,33190487.0,1.32,0.26,12.68,0.9,0.17,601019,山东出版,6.1,6.02,6.09,6.08,12584007000,12584007000,0.0,1.16,-6.94,-9.05,20171122
50.21,-2.9,-1.5,56734,290908352.0,5.16,0.62,-231.22,1.85,-0.02,601021,春秋航空,52.68,50.01,51.63,51.71,46015592820,46015592820,-0.08,3.15,4.36,14.92,20150121
10.9,-3.71,-0.42,40002,44356611.0,4.06,0.67,16.87,0.86,-0.09,601038,一拖股份,11.3,10.84,11.27,11.32,10745765000,6473619000,0.0,2.37,-5.71,57.06,20120808
5.38,-2.54,-0.14,283164,154884221.0,4.71,1.14,9.28,1.05,0.0,601058,赛轮轮胎,5.63,5.37,5.57,5.52,14523206048,13370082521,-0.19,1.8,28.1,23.11,20110630
41.85,-2.2,-0.94,283879,1214115072.0,4.23,2.16,32.04,1.14,-0.31,601066,中信建投,43.59,41.78,43.1,42.79,320001222210,55032750000,0.0,6.18,-17.59,38.71,20180620
3.7,-2.12,-0.08,48605,18297911.0,3.17,1.64,-45.86,0.64,-0.27,601068,中铝国际,3.82,3.7,3.8,3.78,10948546668,1094854668,-0.27,1.39,-11.06,-33.21,20180831
13.92,-2.25,-0.32,65829,92474320.0,2.32,1.04,205.81,1.43,-0.14,601069,西部黄金,14.25,13.92,14.21,14.24,8853120000,8853120000,-0.22,5.12,-7.01,-7.69,20150122
4.62,0.0,0.0,495161,230571559.0,1.95,0.84,5.07,0.69,0.0,601077,渝农商行,4.7,4.61,4.61,4.62,52469340000,27140028383,0.22,0.57,-10.64,-28.59,20191029
18.6,1.09,0.2,471043,882463584.0,2.45,0.29,8.27,1.05,-0.11,601088,中国神华,18.96,18.51,18.58,18.4,369946940463,306733305963,-0.21,1.03,12.8,9.48,20071009
10.46,-1.23,-0.13,43313,45673438.0,1.89,0.24,13.94,0.73,-0.19,601098,中南传媒,10.65,10.45,10.63,10.59,18786160000,18786160000,0.1,1.38,-8.96,-7.6,20101028
3.87,-3.01,-0.12,1479270,584732272.0,4.76,2.17,199.49,0.63,0.0,601099,太平洋,4.03,3.84,3.99,3.99,26379144352,26379144352,0.0,2.52,-6.97,2.11,20071228
96.03,-0.79,-0.76,35335,341924544.0,2.22,0.27,63.86,0.69,-0.17,601100,恒立液压,97.95,95.8,97.24,96.79,125353720800,125353720800,0.0,19.19,51.35,189.16,20111028
3.32,-1.19,-0.04,23424,7830810.0,1.49,0.11,28.82,0.77,-0.3,601107,四川成渝,3.37,3.32,3.36,3.36,10152759200,7180296800,0.0,0.67,-8.79,-19.02,20090727
13.01,-5.52,-0.76,1188471,1587891264.0,5.66,3.31,23.14,1.42,-0.23,601108,财通证券,13.72,12.94,13.61,13.77,46692890000,46692890000,-0.38,2.15,-5.45,16.37,20171024
7.76,-0.13,-0.01,452844,353354992.0,1.93,0.45,-8.36,0.73,-0.13,601111,中国国航,7.88,7.73,7.8,7.77,112712565836,77306142931,0.0,1.39,2.65,-19.59,20060818
6.01,-2.44,-0.15,343112,209276284.0,2.76,0.7,8.01,0.93,-0.33,601117,中国化学,6.18,6.01,6.18,6.16,29647330000,29647330000,-0.17,0.88,6.75,-3.84,20100107
7.3,-0.54,-0.04,234738,172402159.0,1.63,0.9,10.76,0.5,-0.27,601128,常熟银行,7.41,7.29,7.32,7.34,20008248253,19011682496,-0.14,1.14,-11.62,-18.07,20160930
13.82,-2.26,-0.32,276367,388601472.0,3.25,0.95,23.39,1.1,0.0,601138,工业富联,14.26,13.8,14.17,14.14,274606696498,40022448865,-0.07,2.89,-2.74,-23.52,20180608
7.54,-0.26,-0.02,110182,83628055.0,2.38,0.38,14.9,0.74,0.0,601139,深圳燃气,7.66,7.48,7.57,7.56,21690827282,21690547925,-0.26,1.86,3.01,-1.44,20091225
34.5,-1.96,-0.69,43277,151157959.0,2.67,0.19,12.32,0.59,-0.09,601155,新城控股,35.44,34.5,35.19,35.19,77822932917,77469342417,-0.03,1.95,2.07,-6.81,20151204
5.28,-0.56,-0.03,26826,14217976.0,0.94,0.06,12.62,0.94,0.0,601158,重庆水务,5.33,5.28,5.31,5.31,25344000000,25344000000,0.0,1.66,-1.49,-1.12,20100329
6.1,-2.71,-0.17,1305729,811602640.0,4.63,3.4,43.43,0.52,0.16,601162,天风证券,6.34,6.05,6.28,6.27,40662400408,23414727622,0.16,2.25,-8.27,-6.01,20181019
20.45,0.94,0.19,1020506,2099409888.0,2.02,0.52,6.14,0.93,0.1,601166,兴业银行,20.81,20.4,20.46,20.26,424832200858,401131873768,-0.05,0.83,23.86,7.41,20070205
4.99,1.01,0.05,1208682,605469936.0,2.02,0.66,4.78,1.28,0.0,601169,北京银行,5.05,4.95,4.96,4.94,105503491517,91057574002,0.0,0.54,3.31,-7.25,20070919
8.29,-0.72,-0.06,356157,296922992.0,1.08,0.31,5.67,0.63,-0.12,601186,中国铁建,8.38,8.29,8.36,8.35,112574399035,95361905195,0.0,0.63,-5.58,-16.52,20080310
12.46,-4.3,-0.56,222344,284386496.0,5.3,0.81,20.25,1.03,0.08,601198,东兴证券,13.12,12.43,13.0,13.02,34364189786,34364189786,0.08,1.64,-4.89,-4.15,20150226
11.4,-3.31,-0.39,108171,125115179.0,3.65,0.96,17.86,1.45,0.0,601200,上海环境,11.81,11.38,11.81,11.79,12789187390,12789187390,-0.09,1.4,-9.16,3.45,20170331
18.05,-2.11,-0.39,416339,763525696.0,3.09,0.56,13.47,1.09,-0.22,601211,国泰君安,18.61,18.04,18.49,18.44,160797489270,134249058671,-0.06,1.3,-5.1,-0.28,20150626
5.01,-3.09,-0.16,1198970,606014480.0,3.48,1.42,15.21,0.95,0.2,601216,君正集团,5.18,5.0,5.16,5.17,42274467124,42274467124,-0.2,2.35,-37.92,80.22,20110222
10.0,0.91,0.09,548642,552291776.0,2.42,0.55,6.53,0.97,0.0,601225,陕西煤业,10.19,9.95,9.99,9.91,100000000000,100000000000,-0.1,1.49,18.62,15.87,20140128
8.03,-0.5,-0.04,205530,166288102.0,1.73,0.15,5.68,0.76,0.0,601229,上海银行,8.14,8.0,8.11,8.07,114078425461,110041955907,0.12,0.68,-5.53,-11.66,20161116
21.51,-0.51,-0.11,126184,275258880.0,3.38,0.58,35.18,0.88,0.05,601231,环旭电子,22.18,21.45,21.71,21.62,46948013589,46948013589,0.0,4.26,-3.28,12.85,20120220
18.83,-2.28,-0.44,359583,682150912.0,3.58,1.68,16.73,0.65,0.37,601233,桐昆股份,19.4,18.71,19.3,19.27,40187037462,40187037462,-0.11,2.04,18.43,27.57,20110518
16.29,-2.04,-0.34,156623,259832697.0,3.79,1.06,48.02,0.75,0.0,601236,红塔证券,16.88,16.25,16.59,16.63,59188173901,24026448739,0.0,4.25,-13.17,-2.28,20190705
13.0,-2.4,-0.32,434346,576962624.0,4.88,0.61,19.96,0.97,-0.15,601238,广汽集团,13.63,12.98,13.33,13.32,133093095200,92811031235,-0.08,1.61,26.58,12.95,20120329
3.23,0.31,0.01,1433055,462833680.0,0.62,0.05,5.13,0.63,-0.31,601288,农业银行,3.24,3.22,3.22,3.22,1130445199410,949798599310,-0.31,0.62,1.57,-7.98,20100715
5.96,-0.83,-0.05,74382,44643879.0,1.5,0.4,9.85,0.82,0.0,601298,青岛港,6.04,5.95,6.03,6.01,38686956000,11144580160,-0.17,1.21,-3.87,-10.64,20190121
9.04,-3.93,-0.37,367232,339824736.0,5.1,3.27,16.88,0.73,-0.33,601311,骆驼股份,9.51,9.03,9.5,9.41,10140197009,10140197009,0.0,1.51,14.43,28.23,20110602
87.87,-0.2,-0.18,525005,4650557184.0,1.92,0.48,11.69,0.84,-0.03,601318,中国平安,89.48,87.79,88.5,88.05,1606284812697,951866229439,0.03,2.26,15.1,5.41,20070301
6.66,-1.62,-0.11,686904,464232208.0,2.81,1.23,11.79,0.62,-0.15,601319,中国人保,6.84,6.65,6.78,6.77,294531777283,37306436347,-0.15,1.49,-6.33,-10.48,20181116
2.72,-2.16,-0.06,59446,16339028.0,4.32,0.12,11.8,0.77,0.0,601326,秦港股份,2.8,2.68,2.8,2.78,15197760640,12940560480,-0.37,1.0,-0.73,-12.26,20170816
4.62,-0.43,-0.02,1020051,474624064.0,1.29,0.26,4.88,0.83,-0.22,601328,交通银行,4.68,4.62,4.64,4.64,343093797100,181338991749,0.0,0.48,-0.65,-13.16,20070515
9.43,-1.98,-0.19,46911,44570832.0,2.49,1.83,23.04,1.01,0.21,601330,绿色动力,9.65,9.41,9.65,9.62,13140139200,2410785064,0.11,2.43,-9.85,-10.45,20180611
2.29,-2.97,-0.07,152643,35493677.0,2.97,0.27,-10.89,0.81,0.0,601333,广深铁路,2.36,2.29,2.36,2.36,16221299730,12943622730,-0.43,0.59,-6.53,-23.67,20061222
60.69,-2.27,-1.41,118425,730554240.0,3.54,0.57,12.79,0.73,-0.12,601336,新华保险,62.74,60.54,62.3,62.1,189325283154,126565313545,-0.02,2.02,-0.83,27.13,20111216
16.84,0.6,0.1,313216,525404784.0,4.06,1.75,50.05,1.01,0.06,601360,三六零,17.19,16.51,16.8,16.74,113906689012,30130663074,0.0,3.75,-7.32,-28.22,20120116
5.38,-3.58,-0.2,295718,162886659.0,4.48,1.11,215.95,0.66,-0.19,601375,中原证券,5.62,5.37,5.59,5.58,24978719686,14384536666,0.0,1.87,-3.93,0.37,20170103
8.37,-4.12,-0.36,1207828,1034110640.0,5.61,1.8,13.88,1.0,-0.36,601377,兴业证券,8.79,8.3,8.74,8.73,56051141911,56051141911,-0.12,1.52,0.36,19.57,20101013
5.48,-0.72,-0.04,485054,267214400.0,1.63,0.24,5.53,0.55,0.0,601390,中国中铁,5.55,5.46,5.53,5.52,134648692471,111592195271,0.18,0.67,-2.66,-5.03,20071203
5.1,-0.39,-0.02,2437226,1248006368.0,1.37,0.09,5.96,0.81,0.0,601398,工商银行,5.16,5.09,5.14,5.12,1817671911154,1375022283949,0.0,0.7,3.03,-9.25,20061027
19.18,-8.27,-1.73,1017216,2058548592.0,10.81,21.38,74.5,0.87,-0.57,601456,国联证券,21.34,19.08,21.0,20.91,45612322420,9124290420,-0.16,4.36,1.86,351.29,20200731
10.9,1.49,0.16,66356,72296758.0,3.35,4.43,12.8,3.5,-0.18,601512,中新集团,11.04,10.68,10.7,10.74,16337901000,1633801000,-0.18,1.52,-8.09,-20.32,20191220
9.92,-2.55,-0.26,421757,426779344.0,4.72,2.12,950.68,0.78,0.2,601519,大智慧,10.35,9.87,10.21,10.18,19717984000,19717984000,0.1,13.37,-2.94,25.73,20110128
9.67,-4.16,-0.42,396283,392897392.0,4.76,1.02,18.87,0.99,-0.21,601555,东吴证券,10.15,9.67,10.12,10.09,37524617840,37524617840,-0.21,1.36,-6.93,6.03,20111212
6.91,0.0,0.0,87393,61250006.0,2.75,0.63,9.84,1.32,-0.14,601567,三星医疗,7.09,6.9,6.94,6.91,9581192156,9581192156,0.0,1.16,-7.87,-3.89,20110615
9.63,-2.23,-0.22,199270,195619483.0,3.65,2.0,5.82,0.48,-0.1,601577,长沙银行,9.98,9.62,9.85,9.85,32949562651,9585054036,0.0,0.88,5.82,10.06,20180926
2.39,-1.24,-0.03,165403,39743255.0,2.07,0.62,46.88,1.07,0.0,601588,北辰实业,2.43,2.38,2.42,2.42,8047177800,6357400000,0.0,0.56,-13.09,-23.64,20061016
4.49,-6.26,-0.3,912162,413128352.0,8.35,6.75,11.97,1.83,0.22,601598,中国外运,4.82,4.42,4.82,4.79,33229609399,6068851167,-0.22,1.12,17.23,8.45,20190118
3.79,-1.81,-0.07,1339310,514556016.0,3.37,1.02,107.1,0.64,0.0,601600,中国铝业,3.91,3.78,3.86,3.86,64515930484,49568299466,0.0,1.29,21.47,7.06,20070430
37.4,-0.72,-0.27,370062,1404127008.0,2.39,0.54,13.73,0.94,-0.27,601601,中国太保,38.3,37.4,37.98,37.67,359800770417,256004550417,-0.13,1.77,20.57,2.07,20071225
19.64,-0.05,-0.01,79292,156066532.0,0.97,0.41,11.62,0.6,0.1,601607,上海医药,19.79,19.6,19.65,19.65,55818634284,37766443754,0.05,1.26,-8.99,9.54,19940324
16.8,-2.38,-0.41,284816,488547456.0,4.53,2.9,25.32,1.12,-0.06,601615,明阳智能,17.49,16.71,17.3,17.21,31494444845,16504860422,0.0,2.36,20.86,37.48,20190123
2.65,-1.12,-0.03,463561,123708980.0,1.49,0.26,8.94,0.66,0.0,601618,中国中冶,2.69,2.65,2.68,2.68,54917590801,47309440801,-0.38,0.74,-6.03,-2.93,20090921
3.1,-2.21,-0.07,86800,27271169.0,2.84,0.45,24.99,0.95,-0.32,601619,嘉泽新能,3.19,3.1,3.16,3.17,6429710000,5992300000,-0.32,1.88,-4.91,-17.99,20170720
41.75,-0.14,-0.06,151248,632832896.0,1.94,0.07,18.8,0.8,0.72,601628,中国人寿,42.19,41.38,41.96,41.81,1180051433750,869382377500,0.6,2.83,-3.11,22.29,20070109
25.15,-2.86,-0.74,210618,537262112.0,3.94,0.35,66.9,0.65,0.12,601633,长城汽车,26.08,25.06,26.08,25.89,230775225495,151597384350,-0.04,4.23,49.88,192.44,20110928
11.05,-5.15,-0.6,1384294,1523696096.0,9.7,5.16,18.31,1.88,-0.45,601636,旗滨集团,11.62,10.49,11.6,11.65,29682906032,29649455472,-0.18,3.4,45.01,112.91,20110812
4.87,0.41,0.02,704497,341922448.0,1.65,1.82,6.01,0.64,0.21,601658,邮储银行,4.89,4.81,4.83,4.85,423585597914,18891329984,0.21,0.8,5.64,-13.81,20191210
5.61,0.36,0.02,251720,142997654.0,3.76,1.08,9.38,1.0,-0.36,601666,平煤股份,5.77,5.56,5.65,5.59,13058422071,13058422071,-0.18,0.9,-10.81,50.81,20061123
5.15,-0.39,-0.02,1530741,791250272.0,1.16,0.37,5.21,0.6,0.19,601668,中国建筑,5.2,5.14,5.18,5.17,216120118282,212456054647,-0.19,0.77,0.78,-5.33,20090729
3.98,-1.0,-0.04,554632,222311644.0,1.74,0.5,7.81,0.68,0.0,601669,中国电建,4.04,3.97,4.02,4.02,60890159396,44354718129,0.0,0.68,-0.75,-7.44,20111018
5.21,-1.14,-0.06,178165,93951802.0,2.47,1.08,26.95,0.84,0.0,601678,滨化股份,5.34,5.21,5.29,5.27,8565943590,8565943590,-0.38,1.37,2.76,3.99,20100223
18.68,-2.4,-0.46,603216,1146704560.0,3.13,0.82,14.39,1.07,-0.11,601688,华泰证券,19.28,18.68,19.18,19.14,169551822000,137440048698,-0.11,1.33,-11.39,-6.65,20100226
38.72,0.47,0.18,148839,588272544.0,4.44,1.41,79.08,0.93,-0.18,601689,拓普集团,40.19,38.48,38.48,38.54,40849125641,40849125641,0.0,5.41,2.3,124.59,20150319
18.66,-1.43,-0.27,90743,171201087.0,2.85,2.23,166.71,0.61,0.11,601698,中国卫通,19.15,18.61,18.95,18.93,74640000000,7606516646,0.0,6.48,-11.44,64.99,20190628
6.45,1.1,0.07,355329,231093425.0,2.82,1.19,10.63,1.13,-0.15,601699,潞安环能,6.6,6.42,6.43,6.38,19294589340,19294589340,0.0,0.73,0.47,-8.12,20060922
11.58,-1.19,-0.14,1065996,1251964000.0,7.76,7.16,12.4,1.94,-0.34,601717,郑煤机,12.07,11.16,12.04,11.72,20062018465,17245366429,-0.52,1.54,15.57,84.1,20100803
5.69,-0.35,-0.02,817749,462861984.0,3.68,0.73,27.58,1.63,1.97,601727,上海电气,5.77,5.56,5.69,5.71,86235665155,63606580640,0.53,1.33,2.15,14.26,20081205
5.5,-0.9,-0.05,321405,177792488.0,1.26,0.13,17.43,0.7,-0.18,601766,中国中车,5.57,5.5,5.55,5.55,157843752484,133802889264,0.0,1.14,-3.34,-21.32,20080818
18.5,-1.75,-0.33,660579,1261080512.0,6.64,1.69,19.33,1.38,0.33,601788,光大证券,19.59,18.34,18.98,18.83,85299571322,72273928522,0.0,1.69,-20.8,41.65,20090818
4.2,-3.0,-0.13,78309,33364614.0,3.0,0.8,17.97,0.99,-0.24,601789,宁波建工,4.33,4.2,4.33,4.33,4099536000,4099536000,-0.24,1.38,-12.86,13.21,20110816
181.0,-2.75,-5.12,22885,422845360.0,4.87,0.83,53.02,1.17,-0.04,601799,星宇股份,189.56,180.5,186.5,186.12,49984096992,49984096992,0.28,9.4,17.53,92.59,20110201
7.54,-1.31,-0.1,186141,141457613.0,1.7,0.16,9.08,0.57,-0.26,601800,中国交建,7.67,7.54,7.64,7.64,121889464145,88574155105,0.0,0.6,-3.83,-15.57,20120309
5.02,-1.38,-0.07,60513,30595648.0,1.77,0.3,11.32,0.86,0.0,601801,皖新传媒,5.1,5.01,5.08,5.09,9985807780,9985807780,0.0,0.93,-16.61,-5.64,20100118
13.08,-1.36,-0.18,84385,110586095.0,2.19,0.29,21.73,0.57,-0.23,601808,中海油服,13.3,13.01,13.15,13.26,62412423360,38722921440,-0.15,1.64,5.91,-31.3,20070928
10.01,-1.86,-0.19,14960,15096802.0,2.84,0.19,12.21,1.11,0.0,601811,新华文轩,10.24,9.95,10.24,10.2,12350748410,7926958039,0.0,1.28,-10.38,-22.34,20160808
5.72,-0.87,-0.05,320771,184429784.0,1.04,1.0,113.97,0.61,0.0,601816,京沪高铁,5.78,5.72,5.76,5.77,280889091975,18371836432,0.0,1.54,-7.89,18.43,20200116
4.1,-0.49,-0.02,1123335,464680528.0,1.94,0.27,5.61,0.69,0.0,601818,光大银行,4.17,4.09,4.13,4.12,221530821373,169548005823,0.0,0.67,7.89,-2.38,20100818
8.94,-1.87,-0.17,36869,33346757.0,2.31,0.85,15.13,1.08,0.0,601828,美凯龙,9.14,8.93,9.12,9.11,34910700000,3892181132,0.0,0.74,-11.13,-11.22,20180117
11.23,-1.06,-0.12,338878,385015136.0,2.91,1.79,7.24,0.63,-0.09,601838,成都银行,11.55,11.22,11.39,11.35,40565582481,21281737372,-0.18,1.06,11.85,29.83,20180131
4.18,-0.71,-0.03,603967,254149338.0,1.19,0.04,57.01,0.78,0.0,601857,中国石油,4.23,4.18,4.21,4.21,765027687279,676834285279,-0.24,0.63,-0.95,-26.41,20071105
9.84,-2.38,-0.24,45378,45460466.0,3.27,0.57,23.21,0.71,-0.4,601858,中国科传,10.17,9.84,10.07,10.08,7778520000,7778520000,-0.1,1.92,-10.14,-8.64,20170118
4.35,0.69,0.03,1208818,533926368.0,5.32,6.95,10.31,0.74,0.23,601860,紫金银行,4.53,4.3,4.3,4.32,15924866667,7569139913,0.0,1.13,1.64,-21.2,20190103
31.45,-2.27,-0.73,169932,547557040.0,4.23,4.98,56.8,1.09,-0.13,601865,福莱特,32.8,31.44,32.18,32.18,61472170000,10723821000,-0.06,11.55,40.4,160.56,20190215
2.9,-2.68,-0.08,705526,208096048.0,4.03,0.89,15.1,0.61,-0.34,601866,中远海发,3.02,2.9,2.98,2.98,33663562500,23003162500,-0.34,1.86,33.03,13.73,20071212
27.85,-2.04,-0.58,12202,34219732.0,2.18,1.14,39.0,1.12,-0.07,601869,长飞光纤,28.44,27.82,28.43,28.43,21107657258,2968072254,0.04,2.37,-11.16,-14.86,20180720
5.74,-0.86,-0.05,245874,142021294.0,2.25,0.46,7.29,0.65,0.17,601872,招商轮船,5.84,5.71,5.78,5.79,38688289454,30418889563,0.17,1.4,-8.16,-29.66,20061201
31.49,-3.52,-1.15,98043,314088112.0,3.98,0.46,16.66,1.04,-0.28,601877,正泰电器,32.79,31.49,32.53,32.64,67702667121,67702667121,-0.1,2.6,4.62,19.73,20100121
15.17,-6.47,-1.05,829698,1310836448.0,7.77,2.3,40.03,1.46,-0.39,601878,浙商证券,16.42,15.16,16.25,16.22,54825055277,54825055277,-0.07,2.92,-0.98,37.41,20170626
1.95,-2.5,-0.05,500871,98430215.0,3.0,0.65,26.52,0.84,0.0,601880,大连港,2.0,1.94,1.99,2.0,25144345198,15084849000,0.0,1.31,-4.88,-2.99,20101206
12.36,-4.56,-0.59,403242,511751840.0,5.25,0.63,16.63,0.74,-0.08,601881,中国银河,13.0,12.32,12.96,12.95,125296518237,79675948173,-0.24,1.68,-2.52,7.95,20170123
202.33,-2.74,-5.7,73433,1508165184.0,3.43,0.38,93.64,0.81,0.02,601888,中国中免,209.35,202.22,207.83,208.03,395044376818,395044376818,0.0,20.1,-0.92,129.32,20091015
4.32,1.17,0.05,257356,112132045.0,3.28,0.28,10.34,1.03,0.0,601898,中煤能源,4.42,4.28,4.29,4.27,57277425888,39536641728,-0.23,0.57,4.35,-11.66,20080201
8.71,-2.24,-0.2,2348364,2066947600.0,4.15,1.2,36.26,0.77,-0.11,601899,紫金矿业,9.05,8.68,8.92,8.91,221035934130,171067186730,0.11,4.61,23.72,93.99,20080425
8.67,-3.24,-0.29,367591,326510192.0,4.13,0.45,36.11,0.78,-0.34,601901,方正证券,9.04,8.67,8.94,8.96,71372319095,71372319095,-0.34,1.79,0.23,0.0,20110810
4.07,-1.21,-0.05,786669,322765968.0,2.18,1.12,6.4,1.0,0.0,601916,浙商银行,4.15,4.06,4.13,4.12,86563595886,28533329969,0.0,0.76,-2.4,-10.35,20191126
9.39,-2.8,-0.27,827351,791297856.0,3.62,0.96,22.37,0.64,-0.63,601919,中远海控,9.74,9.39,9.68,9.66,115116979442,81292063827,-0.32,2.95,55.46,78.18,20070626
7.51,-3.1,-0.24,1158064,884396400.0,2.84,1.22,26.43,1.97,0.0,601933,永辉超市,7.72,7.5,7.68,7.75,71467304916,71106568074,-0.13,3.41,-14.66,1.35,20101215
6.72,-0.74,-0.05,1194616,808472464.0,1.62,1.25,6.12,0.85,0.0,601939,建设银行,6.83,6.72,6.78,6.77,1680073768706,64469379112,-0.15,0.76,8.04,-2.75,20070925
6.07,-0.98,-0.06,80327,49200676.0,2.12,0.44,21.48,0.5,-0.16,601949,中国出版,6.19,6.06,6.19,6.13,11062575000,11062575000,-0.16,1.62,1.68,-2.25,20170821
11.8,-3.04,-0.37,218111,262605944.0,4.6,1.58,23.34,0.91,-0.25,601952,苏垦农发,12.34,11.78,12.12,12.17,16260400000,16260400000,0.0,2.64,-15.05,73.78,20170515
5.95,-1.16,-0.07,84645,50941992.0,2.66,0.26,125.16,0.66,0.0,601958,金钼股份,6.09,5.93,6.02,6.02,19198296180,19198296180,0.17,1.56,-4.95,-22.83,20080417
32.7,-2.1,-0.7,68406,225918256.0,4.76,0.5,21.07,0.78,0.15,601966,玲珑轮胎,33.97,32.38,33.97,33.4,44913855872,44503353152,0.12,3.19,27.49,45.33,20160706
4.69,-1.05,-0.05,289904,137603122.0,2.11,0.19,11.16,0.73,-0.42,601985,中国核电,4.79,4.69,4.74,4.74,73002021034,73002021034,0.0,1.4,0.21,-3.89,20150610
3.23,-0.31,-0.01,1172719,379734416.0,0.62,0.06,4.89,0.86,0.0,601988,中国银行,3.25,3.23,3.24,3.24,950872565708,680772612953,0.0,0.55,0.62,-7.71,20060705
4.22,-0.24,-0.01,1180701,503399024.0,3.55,0.65,-643.09,1.76,-0.24,601989,中国重工,4.34,4.19,4.24,4.23,96224589067,77158088160,-0.24,1.13,-9.44,-19.47,20091216
12.53,-3.39,-0.44,400563,512515936.0,4.63,1.94,48.43,0.94,0.0,601990,南京证券,13.08,12.48,13.04,12.97,46190103756,25824184314,0.08,4.06,-11.95,-2.41,20180613
2.27,-1.3,-0.03,146945,33754704.0,2.17,0.15,11.8,1.08,-0.44,601991,大唐发电,2.32,2.27,2.3,2.3,42010232844,22687197200,0.0,0.99,-8.47,-5.02,20061220
3.05,-0.65,-0.02,199935,61435618.0,1.3,0.24,8.99,1.03,-0.33,601992,金隅集团,3.09,3.05,3.08,3.07,32567201959,25419182705,0.0,0.69,-6.15,-15.51,20110301
60.65,-4.86,-3.1,379085,2358165648.0,7.22,14.56,44.89,0.98,0.58,601995,中金公司,64.16,59.56,63.76,63.75,292773129044,15785895149,-0.02,4.53,110.74,110.74,20201102
5.1,-0.58,-0.03,231921,119268338.0,1.56,0.07,5.07,0.55,-0.2,601998,中信银行,5.18,5.1,5.15,5.13,249567675973,162716550141,-0.39,0.55,-1.35,-14.0,20070427
16.71,-1.88,-0.32,45491,76779659.0,2.11,0.41,144.9,0.85,-0.18,603000,人民网,17.05,16.69,16.99,17.03,18476097546,18476097546,0.12,5.88,-15.09,-15.01,20120427
17.34,-0.34,-0.06,56675,97714670.0,2.99,1.46,27.97,0.61,0.23,603008,喜临门,17.55,17.03,17.45,17.4,6717824427,6717824427,-0.34,2.39,23.07,12.45,20120717
6.97,-1.97,-0.14,68194,48087374.0,2.39,1.07,12.94,1.7,-0.14,603012,创力集团,7.14,6.97,7.1,7.11,4436823200,4436823200,-0.14,1.57,-14.69,-21.24,20150320
11.15,0.18,0.02,45673,51163182.0,2.43,0.82,14.14,0.87,0.0,603018,华设集团,11.35,11.08,11.09,11.13,6212603016,6212603016,0.09,1.99,-18.79,33.21,20141013
33.45,-2.87,-0.99,254231,860599264.0,3.63,1.95,112.35,1.28,0.12,603019,中科曙光,34.6,33.35,34.45,34.44,48526884180,43553602705,0.0,4.42,-19.55,35.98,20141106
10.52,10.04,0.96,3212,3379508.0,0.0,0.03,61.97,0.06,0.0,603025,大豪科技,10.52,10.52,10.52,9.56,9742590000,9660827434,0.0,5.69,-5.23,13.73,20150422
37.84,-0.29,-0.11,68508,261503019.0,2.06,1.04,84.37,0.89,0.08,603027,千禾味业,38.58,37.8,38.13,37.95,25189154033,24965767788,0.05,13.22,2.55,150.76,20160307
96.21,2.09,1.97,2406,22852336.0,4.0,0.12,195.15,1.08,0.23,603039,泛微网络,96.88,93.11,94.24,94.24,20424624961,20122804186,-0.06,21.19,-3.33,130.83,20170113
38.52,-1.21,-0.47,27557,107424765.0,3.03,0.68,32.47,0.97,0.23,603043,广州酒家,39.6,38.42,38.98,38.99,15561933008,15561933008,-0.03,6.4,-6.96,28.1,20170627
15.16,3.27,0.48,107394,161581303.0,4.09,12.08,27.21,2.09,0.26,603053,成都燃气,15.2,14.6,14.6,14.68,13475572400,1347572400,0.07,3.74,-0.72,-20.96,20191217
13.52,0.37,0.05,54758,74089831.0,3.56,2.52,32.83,1.58,-0.29,603056,德邦股份,13.73,13.25,13.52,13.47,12979200000,2942747720,-0.22,2.99,-18.31,22.02,20180116
19.03,-3.3,-0.65,27988,53787072.0,3.86,0.65,53.37,1.05,0.11,603060,国检集团,19.76,19.0,19.76,19.68,8205736000,8205736000,0.0,6.2,-9.47,10.64,20161109
82.27,0.94,0.77,31308,255210577.0,4.26,3.33,147.67,1.18,-0.16,603068,博通集成,83.03,79.56,81.5,81.5,11411962442,7746002768,-0.06,9.0,13.71,-8.28,20190415
1.39,-1.42,-0.02,749314,105218404.0,2.13,0.85,-46.3,0.86,0.0,603077,和邦生物,1.42,1.39,1.41,1.41,12275437817,12275437817,0.0,1.12,-14.72,-6.08,20120731
9.41,-2.28,-0.22,8701,8275365.0,2.39,0.18,24.25,0.57,0.0,603098,森特股份,9.63,9.4,9.59,9.63,4516956027,4516956027,0.0,2.18,-9.87,-13.91,20161216
16.59,-1.6,-0.27,26700,45376926.0,5.04,0.42,-21.44,1.45,-0.12,603103,横店影视,17.35,16.5,16.92,16.86,10521378000,10521378000,-0.06,5.51,-24.59,-11.0,20171012
11.71,-2.42,-0.29,43700,51827110.0,3.83,0.75,21.59,1.06,-0.17,603108,润达医疗,12.15,11.69,12.04,12.0,6786344065,6786344065,-0.17,2.26,-17.82,17.81,20150527
14.58,2.75,0.39,269477,393189296.0,6.06,3.99,13.78,1.81,-0.07,603113,金能科技,15.07,14.21,14.24,14.19,11771269478,9855369356,-0.34,1.66,15.62,35.13,20170511
11.47,-3.45,-0.41,60998,71228572.0,4.04,0.79,22.37,1.07,0.0,603118,共进股份,11.93,11.45,11.83,11.88,8897661318,8897661318,0.0,1.92,-10.11,3.15,20150225
13.08,-4.32,-0.59,41922,55925258.0,4.97,3.53,51.69,0.75,-0.46,603121,华培动力,13.74,13.06,13.74,13.67,3390336000,1555043530,-0.15,3.06,-6.7,-27.49,20190111
95.83,-2.4,-2.36,12047,116865846.0,3.72,0.53,138.21,0.91,-0.18,603127,昭衍新药,99.33,95.68,98.4,98.19,21796986680,21743839745,-0.13,21.91,0.19,133.5,20170825
8.0,1.01,0.08,339160,275437696.0,5.43,2.59,19.46,1.21,0.0,603128,华贸物流,8.33,7.9,7.93,7.92,10475703768,10475703768,-0.12,2.36,22.14,65.98,20120529
158.5,-2.32,-3.76,32038,513670240.0,2.83,0.71,49.46,1.16,-0.23,603160,汇顶科技,162.99,158.4,162.26,162.26,72540189227,71845096670,-0.08,9.67,-4.87,-22.87,20161017
54.57,-2.01,-1.12,8263,45569199.0,2.59,0.81,28.44,0.82,-0.09,603180,金牌厨柜,55.98,54.54,55.98,55.69,5634899892,5539329759,0.06,4.14,-5.87,15.96,20170512
103.0,-6.36,-7.0,88881,935435088.0,6.06,15.27,52.44,0.92,0.0,603185,上机数控,109.02,102.35,108.0,110.0,23948427000,5994970800,0.03,11.91,54.21,438.14,20181228
33.56,-2.41,-0.83,253623,856815808.0,5.26,3.17,37.86,1.13,-0.18,603198,迎驾贡酒,34.81,33.0,34.11,34.39,26848000000,26848000000,-0.03,5.69,53.52,74.61,20150528
25.7,-2.65,-0.7,46376,121097239.0,4.32,0.56,26.58,0.62,0.0,603218,日月股份,26.8,25.66,26.78,26.4,24867423031,21242790533,0.04,3.12,24.76,75.79,20161228
15.37,-3.03,-0.48,62596,96634442.0,4.1,3.37,191.33,0.69,0.2,603220,中贝通信,15.9,15.25,15.86,15.85,5191371200,2853366724,0.07,3.28,-9.21,-27.98,20181115
11.89,-0.59,-0.07,51387,61764908.0,4.18,0.38,47.94,1.05,-0.17,603225,新凤鸣,12.27,11.77,11.94,11.96,16599668237,16259208396,-0.17,1.47,5.22,-2.7,20170418
30.12,-6.34,-2.04,83298,255972740.0,7.31,0.99,28.09,2.83,0.2,603228,景旺电子,32.32,29.97,32.25,32.16,25644646727,25282044095,0.0,4.29,-14.77,-3.12,20170106
83.73,-4.46,-3.91,36395,311007200.0,6.14,0.55,47.54,0.85,-0.05,603233,大参林,88.9,83.52,88.18,87.64,54955402959,54955402959,-0.53,11.01,2.11,94.54,20170731
190.41,1.76,3.3,18851,364006832.0,4.21,2.65,122.26,2.6,0.01,603236,移远通信,194.88,187.0,187.0,187.11,20376916560,13522156560,0.06,11.3,-2.39,57.14,20190716
108.82,-1.88,-2.08,104452,1147363600.0,2.82,0.74,84.15,0.85,0.1,603259,药明康德,111.58,108.45,111.0,110.9,265740706612,153784680162,0.01,8.33,7.87,65.99,20180508
37.99,-1.2,-0.46,59734,227434579.0,3.49,0.64,37.19,0.77,1.09,603260,合盛硅业,38.8,37.46,38.43,38.45,35634620000,35634620000,1.14,3.96,32.19,29.92,20171030
108.28,-1.11,-1.22,27033,297868336.0,5.28,1.72,58.73,1.04,0.06,603267,鸿远电子,113.49,107.71,109.74,109.5,25064221280,17055437908,0.15,10.36,54.69,195.52,20190515
21.06,-2.27,-0.49,27827,59288754.0,3.39,1.46,20.84,1.01,-0.14,603279,景津环保,21.79,21.06,21.65,21.55,8671233870,4007942310,-0.09,3.02,-4.14,1.45,20190729
42.41,2.19,0.91,28083,120613346.0,4.55,5.43,37.49,2.29,-0.05,603283,赛腾股份,43.77,41.88,41.88,41.5,7466658670,2195299620,0.02,6.96,-18.44,38.19,20171225
184.1,0.33,0.6,53447,988481456.0,2.78,0.16,97.87,0.85,-0.12,603288,海天味业,186.6,181.5,182.99,183.5,596565594593,596565594593,-0.14,32.71,9.26,107.58,20140211
20.56,-2.19,-0.46,28818,59650268.0,2.24,0.33,21.32,0.6,-0.24,603298,杭叉集团,21.02,20.55,21.02,21.02,17813098717,17813098717,-0.24,3.79,35.44,129.72,20161227
33.35,-8.9,-3.26,115467,391385264.0,9.64,2.58,48.42,5.51,0.18,603305,旭升股份,36.5,32.97,36.5,36.61,14908733375,14908733375,0.0,4.63,-14.44,-1.77,20170710
68.7,1.03,0.7,24091,166558165.0,5.18,1.92,101.32,0.66,-0.25,603317,天味食品,70.32,66.8,68.88,68.0,43252231257,8602253325,0.04,11.78,11.91,123.27,20190416
23.91,-2.73,-0.67,20402,49347409.0,3.34,1.99,28.28,1.49,0.08,603327,福蓉科技,24.63,23.81,24.5,24.58,9587910000,2450073242,0.13,6.71,-9.05,-17.38,20190523
8.14,-3.9,-0.33,66389,54798251.0,3.31,0.66,30.94,1.21,0.25,603328,依顿电子,8.39,8.11,8.39,8.47,8127322854,8127322854,0.12,2.38,-12.94,-24.98,20140701
28.37,-3.77,-1.11,30489,87532613.0,5.02,0.69,39.76,1.5,-0.21,603337,杰克股份,29.78,28.3,29.52,29.48,12645400385,12610130801,-0.25,4.43,8.49,36.26,20170119
103.45,-0.49,-0.51,19752,206337175.0,2.72,0.41,60.72,0.9,-0.17,603338,浙江鼎力,105.96,103.13,103.67,103.96,50223482320,50223482320,0.19,13.56,2.73,103.56,20150325
184.99,3.35,6.0,20406,375312912.0,4.4,0.89,86.61,1.36,0.32,603345,安井食品,186.18,178.31,180.81,178.99,43782443319,42560029399,0.0,13.64,4.44,213.86,20170222
31.65,-2.04,-0.66,13320,42798846.0,3.4,0.33,23.45,1.12,-0.13,603355,莱克电气,32.68,31.58,32.31,32.31,13010444625,12691650000,-0.13,3.71,5.78,35.2,20150513
9.89,-1.69,-0.17,24833,24753893.0,2.19,0.55,11.69,1.13,0.1,603357,设计总院,10.09,9.87,10.09,10.06,4495427283,4495427283,0.1,1.77,-7.66,-3.98,20170801
19.56,-2.35,-0.47,28353,55518486.0,4.19,1.08,21.44,0.9,-0.2,603360,百傲化学,20.1,19.26,20.08,20.03,5111935584,5111935584,0.26,4.59,12.93,-20.33,20170206
13.57,-2.79,-0.39,73818,101646847.0,3.58,1.18,13.67,0.71,0.07,603363,傲农生物,14.05,13.55,13.96,13.96,9152663380,8477992155,0.0,3.41,-18.99,12.06,20170926
14.59,-0.88,-0.13,14093,20683042.0,1.7,0.31,15.23,0.91,0.0,603367,辰欣药业,14.82,14.57,14.76,14.72,6614420270,6614420270,-0.07,1.41,-9.21,-10.38,20170929
22.7,-1.86,-0.43,33434,76441590.0,3.07,0.93,10.15,1.57,0.0,603368,柳药股份,23.38,22.67,23.17,23.13,8232443426,8170461167,0.0,1.71,-8.8,-3.57,20141204
50.96,-1.62,-0.84,82408,421829552.0,3.03,0.66,36.5,0.76,0.12,603369,今世缘,52.25,50.68,51.82,51.8,63929320000,63929320000,-0.02,7.99,3.01,57.72,20140703
18.69,-2.1,-0.4,12837,24245705.0,2.25,0.66,40.15,1.1,-0.37,603379,三美股份,19.09,18.66,19.06,19.09,11409853202,3608306034,0.16,2.29,-12.05,-29.1,20190402
31.42,-2.27,-0.73,28318,89700855.0,3.64,1.09,31.12,1.06,0.16,603387,基蛋生物,32.35,31.18,32.21,32.15,8179910167,8159854341,-0.03,4.73,-20.27,38.72,20170717
25.43,0.36,0.09,46606,118843808.0,1.58,1.49,25.54,1.08,0.0,603393,新天然气,25.69,25.29,25.44,25.34,7974848000,7974848000,-0.04,3.03,-4.69,31.9,20160912
10.28,-3.47,-0.37,25081,26206533.0,4.13,0.38,44.27,1.05,0.0,603421,鼎信通讯,10.69,10.25,10.59,10.65,6750813199,6704518453,-0.19,2.2,-8.87,-16.42,20161011
40.0,-5.48,-2.32,52008,212680141.0,6.43,1.4,333.49,0.96,-0.07,603429,集友股份,42.35,39.63,42.35,42.32,15209558280,14902678280,0.13,13.05,6.1,59.81,20170124
404.6,-1.39,-5.7,8000,325445328.0,2.65,1.11,27.44,0.68,-0.1,603444,吉比特,413.86,403.0,410.26,410.3,29076397739,29076397739,-0.15,8.2,-29.14,37.86,20170104
25.52,-0.62,-0.16,58886,150811711.0,3.5,2.03,20.3,1.25,-0.04,603466,风语筑,25.98,25.08,25.87,25.68,7440366208,7404837264,-0.16,3.9,12.18,72.2,20171020
67.84,0.49,0.33,39136,269509152.0,3.79,2.18,114.87,1.01,-0.03,603486,科沃斯,69.95,67.39,68.31,67.51,38300203232,12187369708,0.01,13.99,58.76,234.35,20180528
167.0,-2.74,-4.71,4393,74541279.0,3.3,0.62,49.08,0.63,-0.48,603489,八方股份,172.66,167.0,171.6,171.71,20040000000,11923800000,-0.39,9.24,-6.54,64.14,20191111
217.13,-0.4,-0.87,74488,1624697888.0,3.92,0.95,81.45,1.22,-0.02,603501,韦尔股份,221.5,212.96,215.0,218.0,187508386724,169955812700,0.0,18.59,22.64,51.49,20170504
26.79,-2.23,-0.61,22456,61084325.0,3.5,0.94,28.78,0.68,-0.04,603505,金石资源,27.75,26.79,27.54,27.4,6429600000,6366589920,-0.22,6.42,19.17,30.75,20170503
28.19,-1.19,-0.34,6888,19613480.0,2.03,0.31,32.25,0.34,-0.07,603508,思维列控,28.72,28.14,28.51,28.53,7682392389,6345896286,0.04,1.67,-15.98,-32.77,20151224
31.25,-2.65,-0.85,17572,55573749.0,3.33,0.23,34.75,1.08,-0.35,603515,欧普照明,32.27,31.2,32.27,32.1,23584241313,23554958813,-0.29,4.75,14.26,13.18,20160819
74.4,-1.31,-0.99,37964,286484816.0,3.48,0.62,65.31,1.34,-0.25,603517,绝味食品,76.97,74.35,75.83,75.39,45282123708,45282123708,-0.09,9.51,-3.69,62.02,20170317
68.64,-3.83,-2.73,20847,145064569.0,4.36,0.89,63.53,0.66,-0.22,603520,司太立,71.6,68.49,71.07,71.37,16810261560,16109952144,-0.01,9.27,-17.47,127.96,20160309
36.6,-4.54,-1.74,112137,419202320.0,4.54,2.8,66.26,0.87,-0.44,603533,掌阅科技,38.3,36.56,38.0,38.34,14676600000,14676600000,-0.03,10.91,39.16,117.99,20170921
14.81,-0.87,-0.13,22716,33853547.0,1.27,0.46,13.93,1.48,-0.2,603556,海兴电力,15.0,14.81,14.96,14.94,7237410632,7237410632,-0.2,1.37,-1.2,-5.67,20161110
21.04,-1.59,-0.34,25836,54716183.0,2.15,0.21,21.85,0.99,0.19,603568,伟明环保,21.45,20.99,21.3,21.38,26437987600,26431562615,0.0,5.27,-12.08,20.85,20150528
8.49,-1.05,-0.09,15146,12955564.0,2.21,0.27,41.55,1.23,-0.12,603569,长久物流,8.65,8.46,8.6,8.58,4756746373,4756746373,-0.24,2.23,-18.52,-12.65,20160810
32.1,-3.6,-1.2,23037,74376687.0,4.2,1.65,21.11,1.22,0.0,603579,荣泰健康,33.21,31.81,32.99,33.3,4494000000,4494000000,-0.03,2.84,-15.48,8.45,20170111
64.03,-5.01,-3.38,19242,125343316.0,5.62,1.3,37.61,1.22,-0.06,603583,捷昌驱动,67.8,64.01,67.8,67.41,17468714415,9461049749,0.03,5.0,-13.43,103.59,20180921
18.07,0.44,0.08,29216,53646118.0,3.06,1.62,18.76,4.64,-0.28,603585,苏利股份,18.6,18.05,18.06,17.99,3252600000,3252600000,-0.11,1.64,-6.81,-11.51,20161214
18.97,-3.61,-0.71,33568,64627541.0,4.83,2.94,14.43,1.48,0.05,603587,地素时尚,19.9,18.95,19.9,19.68,9128364000,2162580000,0.0,2.72,-13.46,-6.64,20180622
14.84,-2.05,-0.31,53624,80519935.0,2.97,0.71,21.71,0.59,-0.07,603588,高能环境,15.28,14.83,15.28,15.15,11969107766,11214157032,-0.13,2.63,-6.78,57.37,20141229
65.39,0.46,0.3,88433,576119760.0,3.0,1.47,34.08,0.93,0.6,603589,口子窖,66.15,64.2,65.1,65.09,39234000000,39234000000,-0.02,5.75,19.89,22.43,20150629
39.45,0.0,0.0,8214,32480972.0,1.8,0.99,33.39,0.79,0.15,603590,康辰药业,39.81,39.1,39.38,39.45,6312000000,3288853398,0.31,2.13,-10.14,14.61,20180827
36.78,-4.42,-1.7,18827,70559443.0,6.6,1.1,37.56,0.98,1.02,603596,伯特利,38.9,36.36,38.48,38.48,15026873580,6303852930,0.52,5.98,6.52,64.2,20180427
22.07,-0.45,-0.1,68094,151784605.0,3.43,1.47,17.66,0.94,-0.36,603599,广信股份,22.76,22.0,22.36,22.17,10255468509,10255468509,-0.23,1.87,18.08,47.23,20150513
15.38,-2.23,-0.35,25520,39630534.0,3.69,0.84,16.84,0.96,-0.13,603600,永艺股份,15.9,15.32,15.71,15.73,4652644403,4652644403,0.0,3.37,-12.61,27.32,20150123
15.3,-1.16,-0.18,213019,332973728.0,4.97,2.96,25.98,2.35,0.13,603601,再升科技,15.98,15.21,15.23,15.48,11000267928,11000267928,0.07,6.14,7.75,102.65,20150122
165.7,-2.04,-3.45,9104,151872906.0,2.72,0.45,87.7,0.76,0.0,603605,珀莱雅,169.15,164.55,168.84,169.15,33325074473,33201226150,-0.07,15.13,1.04,89.46,20171115
21.78,-1.58,-0.35,76547,168448010.0,3.07,1.2,17.42,0.87,0.18,603606,东方电缆,22.38,21.7,22.05,22.13,14246396467,13914014741,0.18,5.26,0.83,100.74,20141015
13.09,-3.75,-0.51,73354,97595813.0,4.26,0.81,9.75,0.91,-0.15,603609,禾丰牧业,13.66,13.08,13.62,13.6,12069764039,11837380004,0.0,1.87,-11.43,12.75,20140808
26.15,-2.06,-0.55,8927,23505416.0,2.92,0.87,21.38,0.81,0.46,603610,麒盛科技,26.8,26.02,26.8,26.7,5425054341,2693087404,0.35,1.88,-16.96,-19.66,20191029
98.72,0.23,0.23,31141,307892480.0,2.75,2.59,98.22,0.93,-0.49,603613,国联股份,99.93,97.22,98.3,98.49,23413679862,11866548160,-0.28,6.4,17.54,89.45,20190730
13.0,-6.54,-0.91,106564,141379745.0,7.69,2.21,63.78,2.52,-0.31,603626,科森科技,13.91,12.84,13.91,13.91,6389382480,6267286480,-0.08,2.93,-14.42,25.12,20170209
60.17,1.95,1.15,26601,161256718.0,3.54,0.48,64.21,1.73,0.05,603638,艾迪精密,61.37,59.28,59.3,59.02,36030374595,33634433114,0.02,15.31,3.4,188.03,20170120
20.38,-1.36,-0.28,11778,24200872.0,2.37,0.5,10.9,1.37,0.1,603639,海利尔,20.84,20.35,20.83,20.66,4839707974,4819257826,0.1,1.9,-13.09,15.93,20170112
34.3,-1.92,-0.67,25203,87516279.0,2.8,1.92,45.78,0.46,-0.15,603650,彤程新材,35.28,34.3,34.91,34.97,20099371250,4507620250,-0.15,8.53,6.59,100.7,20180627
149.02,-2.44,-3.73,21133,317602928.0,4.29,0.49,98.0,0.89,-0.11,603658,安图生物,154.46,147.9,152.9,152.75,67204839764,64168444009,0.51,10.77,-3.04,56.07,20160901
108.35,-2.72,-3.03,70208,776387952.0,6.47,1.61,95.87,1.5,0.44,603659,璞泰来,114.61,107.4,110.2,111.38,53092766503,47370608948,0.51,6.45,8.35,27.92,20171103
8.1,-2.17,-0.18,46024,37648699.0,3.14,0.93,-28.06,1.91,0.62,603660,苏州科达,8.31,8.05,8.31,8.28,4044880128,4002782006,0.37,2.37,-13.55,-26.09,20161201
86.38,-0.71,-0.62,6365,55042801.0,3.64,1.61,55.63,1.08,-0.01,603666,亿嘉和,88.38,85.21,87.43,87.0,11975614188,3415805364,0.0,8.87,-3.48,71.42,20180612
9.15,-2.76,-0.26,80730,75148200.0,4.25,1.13,32.13,1.14,-0.11,603669,灵康药业,9.53,9.13,9.31,9.41,6527976000,6527976000,-0.22,4.78,12.0,79.41,20150528
54.65,-1.05,-0.58,71576,399666000.0,3.6,1.58,43.63,0.99,-0.09,603678,火炬电子,56.64,54.65,55.23,55.23,24738194168,24738194168,-0.27,7.12,43.18,140.01,20150126
12.09,0.75,0.09,15411,18744968.0,3.83,0.61,23.89,0.8,0.17,603680,今创集团,12.37,11.91,11.98,12.0,9559254959,3058211224,0.17,2.19,2.81,17.95,20180227
20.03,-0.74,-0.15,27391,55455534.0,3.27,4.44,18.05,0.78,-0.15,603681,永冠新材,20.68,20.02,20.02,20.18,3336829828,1234993396,-0.2,2.26,-3.84,-20.83,20190326
17.06,-5.27,-0.95,135866,237891105.0,5.94,3.27,16.08,1.38,-0.06,603686,龙马环卫,18.08,17.01,18.0,18.01,7091086873,7091086873,-0.18,2.59,-27.22,59.14,20150126
10.34,-1.34,-0.14,13521,14078938.0,1.81,0.95,27.32,0.96,0.1,603687,大胜达,10.52,10.33,10.52,10.48,4247989769,1466088251,0.0,2.73,-23.91,-28.39,20190726
37.8,-2.33,-0.9,63291,244267115.0,4.21,2.61,89.32,1.2,-0.03,603690,至纯科技,39.43,37.8,38.69,38.7,9830005177,9159208115,-0.05,6.41,-4.06,16.31,20170113
38.65,-1.65,-0.65,35920,141078624.0,3.72,0.39,44.17,1.24,0.23,603707,健友股份,39.96,38.5,39.56,39.3,36105134888,36047971732,0.0,10.54,-17.41,22.0,20170719
23.42,-4.87,-1.2,134846,322080320.0,4.79,2.22,27.49,0.98,-0.13,603708,家家悦,24.57,23.39,24.57,24.62,14248728000,14248728000,-0.04,4.75,-36.01,-1.76,20161213
22.58,-2.71,-0.63,13844,31406099.0,3.83,0.34,159.17,0.59,0.09,603711,香飘飘,23.31,22.42,23.29,23.21,9442303438,9089919958,0.13,3.74,-13.82,-10.93,20171130
36.83,-2.44,-0.92,49229,182740459.0,3.26,1.34,123.46,1.0,-0.14,603712,七一二,37.74,36.51,37.41,37.75,28432760000,13495867344,-0.08,10.71,-20.69,52.95,20180226
126.0,-1.49,-1.9,6205,78597396.0,2.66,0.91,69.19,0.69,-0.1,603713,密尔克卫,128.9,125.5,128.52,127.9,19496859984,8571035844,-0.16,11.93,-1.42,216.11,20180713
15.4,-2.04,-0.32,19309,30242349.0,3.31,0.46,33.87,0.98,-0.26,603728,鸣志电器,15.9,15.38,15.63,15.72,6406400000,6406400000,0.13,3.01,-24.51,39.49,20170509
31.18,-0.51,-0.16,13115,41111721.0,3.54,0.23,34.54,0.85,0.06,603730,岱美股份,31.92,30.81,31.34,31.34,18069820357,18069820357,-0.22,4.61,16.39,52.17,20170728
23.1,1.4,0.32,165406,390866848.0,5.53,10.6,24.73,1.56,0.0,603733,仙鹤股份,24.25,22.99,23.16,22.78,16307959345,3602959345,-0.22,3.18,12.9,66.67,20180420
144.5,1.48,2.11,17330,250669113.0,2.72,0.66,89.7,1.27,0.18,603737,三棵树,145.88,142.0,143.27,142.39,38856727994,37670512322,0.03,16.47,5.41,152.89,20160603
3.79,-2.07,-0.08,154831,59228239.0,3.88,0.75,11.83,1.24,0.0,603766,隆鑫通用,3.92,3.77,3.81,3.87,7782923612,7782923612,0.0,1.08,-11.24,4.41,20120810
79.0,0.77,0.6,10682,85854081.0,5.96,2.66,73.92,1.32,0.32,603786,科博达,83.1,78.43,78.43,78.4,31607900000,3167900000,0.14,9.19,11.3,52.54,20191015
57.5,3.83,2.12,464841,2690560880.0,8.63,4.2,71.67,1.51,0.17,603799,华友钴业,59.88,55.1,55.39,55.38,65622537745,63661203028,0.21,6.78,50.17,45.98,20150129
36.0,-2.78,-1.03,18021,65331589.0,4.4,0.83,30.49,1.23,0.03,603801,志邦家居,37.27,35.64,37.0,37.03,8040000960,7841172960,-0.17,4.02,2.45,59.08,20170630
11.51,0.44,0.05,46792,54593450.0,6.81,1.11,63.45,2.05,0.0,603803,瑞斯康达,12.19,11.41,11.54,11.46,4846349461,4846349461,0.0,1.85,-12.47,-9.73,20170420
72.89,-0.26,-0.19,41937,310824480.0,3.91,0.54,48.28,0.97,-0.01,603806,福斯特,75.38,72.52,73.6,73.08,56092672395,56092672395,0.01,7.03,17.07,112.38,20140905
13.42,-1.54,-0.21,30153,40901169.0,2.27,0.91,9.8,1.0,0.0,603808,歌力思,13.73,13.42,13.58,13.63,4462359500,4462359500,-0.07,2.08,-13.59,-8.21,20150422
74.21,-1.64,-1.24,16524,124488565.0,3.07,0.27,34.86,0.82,-0.38,603816,顾家家居,76.5,74.18,76.08,75.45,46931283017,46221396094,0.04,6.85,15.5,66.54,20161014
125.59,-4.13,-5.41,16253,207000233.0,4.49,0.27,38.73,1.62,-0.17,603833,欧派家居,131.47,125.59,130.0,131.0,74896665648,74896665648,-0.17,6.92,17.95,51.7,20170328
13.63,-1.87,-0.26,12215,16750501.0,2.66,0.3,27.06,0.99,0.07,603848,好太太,13.98,13.61,13.97,13.89,5465630000,5465630000,0.07,3.6,-7.72,0.07,20171201
25.25,0.52,0.13,97219,244369766.0,2.95,0.85,15.49,1.47,-0.04,603858,步长制药,25.5,24.76,25.01,25.12,28824910403,28824910403,0.0,2.18,-7.17,32.82,20161118
60.15,-3.53,-2.2,22464,137491875.0,4.25,0.33,44.73,0.61,-0.05,603866,桃李面包,62.75,60.1,62.35,62.35,40911185025,40911185025,-0.07,8.83,5.16,45.15,20151222
49.3,-4.38,-2.26,14264,71580152.0,5.62,0.33,34.19,1.3,-0.28,603868,飞科电器,52.17,49.27,51.68,51.56,21475080000,21475080000,0.0,8.06,-7.05,34.41,20160418
23.14,-1.07,-0.25,17105,39971489.0,2.14,3.12,13.48,1.21,-0.04,603871,嘉友国际,23.6,23.1,23.5,23.39,5079692800,1269923200,-0.04,2.55,-26.4,9.15,20180206
14.38,1.34,0.19,93118,135079600.0,6.48,3.89,-391.49,1.5,0.28,603876,鼎胜新材,14.91,13.99,14.1,14.19,6235599414,3440489790,-0.14,1.74,0.49,-8.76,20180418
67.06,-2.88,-1.99,35197,239119026.0,3.69,1.67,107.07,1.33,-0.04,603881,数据港,69.5,66.95,69.23,69.05,15755612746,14121931226,0.12,5.5,-11.8,76.94,20170208
98.0,-1.01,-1.0,46098,454243104.0,4.27,1.0,32.01,0.83,0.0,603882,金域医学,100.79,96.56,99.5,99.0,45029782546,45029782546,-0.12,13.6,-4.96,91.86,20170908
68.36,-6.61,-4.84,41429,290116048.0,6.97,1.02,43.0,1.91,-0.09,603883,老百姓,73.35,68.25,72.73,73.2,27940925877,27849072254,0.0,6.73,-17.7,50.34,20150423
11.65,-0.09,-0.01,52742,61542765.0,1.29,0.29,-35.81,0.63,0.17,603885,吉祥航空,11.75,11.6,11.64,11.66,22905579429,20935207007,0.26,2.08,-3.32,-21.81,20150527
18.44,-2.69,-0.51,25238,47164088.0,2.69,0.49,1621.02,1.06,-0.27,603888,新华网,18.95,18.44,18.9,18.95,9570901398,9570901398,-0.05,3.36,-26.21,-11.81,20161028
79.12,-0.35,-0.28,21710,171947504.0,2.17,0.24,60.28,0.73,0.08,603899,晨光文具,80.22,78.5,79.36,79.4,73378071712,72790400000,0.06,14.77,17.56,63.67,20150127
29.06,-2.15,-0.64,44964,132501853.0,3.94,3.6,43.51,0.74,-0.03,603915,国茂股份,30.18,29.01,30.18,29.7,13732227444,3630390244,0.07,5.72,17.56,99.31,20190614
32.47,-0.58,-0.19,47182,154259493.0,3.64,1.17,46.31,0.95,0.28,603920,世运电路,33.12,31.93,32.1,32.66,13296309144,13148515445,0.0,5.11,37.58,74.66,20170426
41.15,-1.22,-0.51,49871,206916322.0,2.38,1.54,63.73,0.86,-0.07,603927,中科软,42.0,41.01,41.55,41.66,17447600000,13356802784,-0.36,8.72,-24.5,-38.55,20190909
15.4,3.56,0.53,205698,323103840.0,11.1,9.64,-259.26,2.01,-0.26,603929,亚翔集成,16.36,14.71,14.8,14.87,3285744000,3285744000,-0.13,3.1,-5.41,2.74,20161230
97.92,-3.07,-3.1,43131,423073456.0,6.24,0.84,66.05,1.29,0.74,603939,益丰药房,102.4,96.1,101.99,101.02,52002208719,50391355882,0.69,10.33,-0.73,87.98,20150217
16.72,0.42,0.07,11462,19230564.0,1.92,1.3,63.77,0.71,0.12,603956,威派格,16.92,16.6,16.66,16.65,7122052872,1469020872,0.06,6.24,-8.98,1.7,20190222
38.88,-3.04,-1.22,19828,78580915.0,4.14,0.78,79.14,0.71,-0.26,603960,克来机电,40.44,38.78,40.44,40.1,10145522160,9913483404,0.0,11.03,-12.29,69.86,20170314
18.85,-4.02,-0.79,72809,140138688.0,5.91,8.94,45.42,1.09,0.43,603982,泉峰汽车,19.85,18.69,19.57,19.64,3798885740,1535144000,-0.16,2.53,7.96,1.45,20190522
57.18,-5.02,-3.02,17051,99758939.0,5.5,2.21,50.88,1.47,-0.07,603983,丸美股份,60.49,57.18,60.1,60.2,22929180000,4402860000,-0.03,8.04,-18.38,-4.12,20190725
207.26,-2.92,-6.24,73850,1554380400.0,3.56,1.68,108.94,0.67,-0.24,603986,兆易创新,214.29,206.68,212.8,213.5,97749343831,91021388264,-0.05,9.33,11.56,41.88,20160818
28.5,-2.93,-0.86,29416,84593540.0,3.13,0.74,31.66,0.9,-0.14,603989,艾华集团,29.36,28.44,29.35,29.36,11290706519,11290706519,0.0,4.68,0.64,32.43,20150515
4.53,0.89,0.04,2232562,1022096208.0,3.79,1.26,45.59,1.36,0.22,603993,洛阳钼业,4.65,4.48,4.5,4.49,97844559841,80025949801,0.22,2.42,10.49,4.86,20121009
8.27,-0.48,-0.04,34136,28417242.0,2.65,0.54,-21.55,0.78,-0.12,603997,继峰股份,8.47,8.25,8.3,8.31,8445734366,5229561791,0.0,2.12,8.67,4.95,20150302
26.23,-2.78,-0.75,15921,42077776.0,4.23,7.96,62.73,1.34,0.85,605198,德利股份,27.14,26.0,26.99,26.98,9914940000,524600000,0.08,4.61,245.13,245.13,20200918
